outfitID,items,look,season,occasion
b1,"p1,p2,p3,p4，p5","Japanese Cityboy style: light gray hooded sweatshirt paired with distressed wide-leg jeans, tan casual shoes echoing a relaxed vibe, loose fit with an effortless street aesthetic.",Spring,School
b2,"p6,p7,p8,p9,p10","Korean trendy style: navy half-zip sweatshirt with off-white wide-leg trousers, decorative chains enhance trendy details, high versatility for daily street style.",Autumn,Travel
b3,"p11,p12,p13,p14","Outdoor techwear style: black slim-fit knit top with camouflage multi-pocket cargo pants, rugged silhouette combined with metal accessories, balancing utility and a cool, edgy aura.",Autumn,Sports
b4,"p15,p16,p17,p18,p19","Quiet luxury old money style: oatmeal-colored collared knit layered over a turtleneck, black wide-leg trousers with metal chain accents, sophisticated texture with a relaxed, upscale feel.",Autumn/Winter,Home
b5,"p20,p21,p22,p23,p24,p25,p26","American vintage style: distressed brown denim jacket layered over a plaid shirt, khaki wide-leg trousers with a crossbody bag, rich vintage tone with an effortless vibe.",Spring,Social
b6,"p27,p28,p29,p30,p31","Commuter casual style: light gray graphic sweatshirt layered over a plaid shirt, paired with distressed ripped jeans, crossbody bag accents enhance the relaxed feel, suitable for daily commuting.",Spring/Summer,School
b7,"p32,p33,p34,p35,p36,p37","Avant-garde deconstructed style: dark gray cropped puffer jacket layered over a leopard print top, off-white wide-leg trousers echoing niche design, striking silhouette with an avant-garde tone.",Autumn/Winter,Home
b8,"p38,p39,p40,p41,p42","Intellectual style: washed blue denim set, enhanced with decorative details and a canvas bag, artistic and effortless with thoughtful styling.",Spring,Travel
b9,"p43,p44,p45,p46,p47","Korean trendy style: black and blue color-block knit cardigan with black wide-leg trousers, numeric and badge elements reinforce the style, trendy and eye-catching for daily street wear.",Autumn,School
b10,"p48,p49,p50,p51,p52","American vintage style: plaid zip-up shirt jacket with black wide-leg trousers, western hat and metal chain accents, vintage ruggedness with an American street vibe.",Autumn,Home
b11,"p53,p54,p55,p56,p57,p58","Japanese Cityboy style: navy plaid jacket paired with dark wide-leg jeans, baseball cap and tan casual shoes echoing a relaxed vibe, loose fit with an effortless street aesthetic.",Autumn/Winter,Travel
b12,"p59,p60,p61,p62","Korean trendy style: navy striped long-sleeve top with dark brown wide-leg trousers, chain and silk scarf decorations enhance trendy details, highly versatile for daily street wear.",Spring,Social
b13,"p63,p64,p65,p66","Korean trendy style: gray and black striped collared top with dark brown wide-leg trousers, letter elements highlight the style, minimalist with a trendy, cool tone.",Autumn,Home
b14,"p67,p68,p69,p70,p71","Avant-garde deconstructed style: gray and black plaid shirt jacket with off-white cargo pants, sequin hem embellishments break the norm, prominent design with a niche tone.",Autumn/Winter,School
b15,"p72,p73,p74,p75,p76","Commuter casual style: khaki long-sleeve top with dark brown wide-leg trousers, leopard print hat and hanging accessories add personality, comfortable yet suitable for daily scenarios.",Spring,Home
b16,"p77,p78,p79,p80,p81","Commuter casual style: khaki graphic long-sleeve top paired with light brown wide-leg trousers, layered with a plaid shirt for decoration, prominent relaxed feel, suitable for daily commuting.",Autumn,Home
b17,"p82,p83,p84,p85,p86,p87","Intellectual style: black and gray textured knit top with light brown wide-leg trousers, beret and crossbody bag accents, artistic temperament with an effortless flair.",Autumn/Winter,Travel
b18,"p88,p89,p90,p91","Quiet luxury old money style: black quilted knit top layered over a turtleneck, paired with black cargo pants, metal hanging accessories reinforce the rugged texture, balancing utility and style.",Autumn,School
b19,"p92,p93,p94,p95,p96,p97","Quiet luxury old money style: light khaki knit top layered over a black inner piece, paired with off-white cargo pants, minimalist color palette and clean silhouette offer both sophistication and a relaxed feel.",Spring,Social
b20,"p98,p99,p100,p101,p102","Quiet luxury old money style: black collared knit jacket paired with matching wide-leg trousers, leather pocket splicing details, overall texture is steady and refined with a relaxed vibe.",Autumn/Winter,Home
b21,"p103,p104,p105,p106,p107","American vintage style: dark denim jacket with embroidery details, paired with gray wide-leg trousers, metal hanging accessory accents, vintage texture with an effortless flair.",Autumn,School
b22,"p108,p109,p110,p111,p112","American vintage style: dark denim jacket layered over a burgundy inner piece, paired with gray wide-leg trousers, embroidery elements reinforce the vintage vibe, rich in layering.",Autumn,Travel
b23,"p113,p114,p115,p116","Quiet luxury old money style: navy knit cardigan with light beige wide-leg trousers, minimalist color palette combined with exquisite button details, high-end texture with a relaxed, upscale feel.",Spring,Home
b24,"p117,p118,p119,p120,p121,p122,p123","Korean trendy style: olive green knit cardigan with distressed wide-leg trousers, chain and silk scarf decorations add trendy details, distinct style for daily street wear.",Autumn/Winter,Social
b25,"p124,p125,p126,p127,p128,p129","Commuter casual style: khaki short-sleeve top with dark wide-leg trousers, leopard print shoes and crossbody bag accents, comfortable and effortless, suitable for daily scenarios.",Spring/Summer,Travel
b26,"p130,p131,p132,p133,p134,p135","Quiet luxury old money style: plaid jacket paired with light beige wide-leg trousers, leather collar and matching hat, soft color palette with steady texture, showing a relaxed, upscale feel.",Autumn,School
b27,"p136,p137,p138,p139","Commuter casual style: burgundy plaid shirt layered over a white inner piece, paired with light beige wide-leg trousers, belt accents enhance the styling, comfortable and effortless for daily wear.",Autumn,Social
b28,"p140,p141,p142,p143,p144,p145","Korean trendy style: light gray graphic hooded sweatshirt with black wide-leg trousers, plush hat accessory adds trendy details, distinct style suitable for daily street wear.",Autumn/Winter,Home
b29,"p146,p147,p148,p149,p150,p151,p152","Commuter casual style: olive green textured knit top with light beige wide-leg trousers, crossbody bag accents, overall comfortable and effortless, suitable for daily commuting.",Spring,Travel
b30,"p153,p154,p155,p156,p157","American vintage style: military green fur-collar jacket with distressed jeans, boots and crossbody bag reinforce the vintage vibe, heavy silhouette with a classic street texture.",Autumn/Winter,Home
b31,"p158,p159,p160,p161","Outdoor techwear style: distressed denim jacket paired with multi-pocket cargo pants, metal buttons on the jacket and 3D pockets on the pants reinforce the utility design, overall style is rugged and functional.",Autumn,Sports
b32,"p162,p163,p164,p165","Avant-garde deconstructed style: plaid and denim spliced jacket with black wide-leg trousers, mixed-material design and metal hanging accessories highlight the niche silhouette, distinct deconstructed tone.",Autumn,Social
b33,"p166,p167,p168,p169","Quiet luxury old money style: light khaki fur-collar jacket with black wide-leg trousers, soft color palette combined with textured fabric, showing a relaxed and steady upscale vibe.",Autumn/Winter,Home
b34,"p170,p171,p172,p173,p174","Commuter casual style: black quilted jacket with dark brown wide-leg trousers, minimalist silhouette and hanging accessory details balance comfort and style, suitable for daily commuting.",Autumn/Winter,Travel
b35,"p175,p176,p177,p178","American vintage style: distressed denim jacket with black wide-leg trousers, vintage wash texture combined with classic jacket silhouette, effortless street style.",Autumn,School
b36,"p179,p180,p181,p182","Outdoor techwear style: olive green jacket with blue sleeves paired with multi-pocket cargo pants, functional pockets on the jacket and 3D pockets on the pants reinforce utility, rugged style suitable for outdoor scenarios.",Spring,Sports
b37,"p183,p184,p185","Avant-garde deconstructed style: distressed denim set, irregular panels and zipper details break the conventional silhouette, prominent niche design with a distinct deconstructed tone.",Autumn/Winter,Travel
b38,"p186,p187,p188,p189,p190","Quiet luxury old money style: black crocodile-embossed trench coat with black wide-leg trousers, textured fabric combined with an exquisite belt, unified color palette showing a steady, high-end upscale vibe.",Autumn/Winter,Social
b39,"p191,p192,p193,p194","Korean trendy style: white fur-collar jacket with distressed cargo pants, rhinestone and chain details add a trendy feel, eye-catching look suitable for daily street wear.",Autumn/Winter,Sports
b40,"p195,p196,p197,p198,p199","Outdoor techwear style: dark green shell jacket paired with black outdoor trousers, matching trekking poles and backpack reinforce functionality, fabric and silhouette are both suitable for outdoor scenarios with prominent utility.",Autumn/Winter,Travel
b41,"p200,p201,p202,p203","Outdoor techwear: dark green long-sleeve top paired with light gray outdoor trousers, minimalist silhouette combined with functional fabric, suitable for light outdoor activities, casual and practical.",Spring,School
b42,"p204,p205,p206,p207","Outdoor techwear: khaki shell jacket, jacket and cargo pants, multi-pocket and drawstring design enhances functionality, monochromatic coordination, suitable for outdoor settings.",Autumn,Travel
b43,"p208,p209,p210,p211","Outdoor techwear: black jacket paired with olive green cargo pants, side zipper and crossbody bag details highlight practical design, clean silhouette suitable for daily light outdoor wear.",Autumn/Winter,Home
b44,"p212,p213,p214,p215,p216,p217,p218","Outdoor techwear: khaki shell jacket with black cargo pants, trekking poles and backpack reinforce outdoor attributes, protective mask and glove details enhance functionality, suitable for professional outdoor scenarios.",Autumn/Winter,Travel
b45,"p219,p220,p221,p222","Outdoor techwear: turmeric shell jacket with light gray outdoor trousers, multi-zipper pocket design enhances utility, sharp color contrast, vibrant style suitable for outdoor activities.",Spring,Sports
b46,"p223,p224,p225,p226","Outdoor techwear: dark gray and yellow color-block long-sleeve top paired with turmeric cargo pants, half-zip design and drawstring pockets enhance utility, fabric suitable for light outdoor activities, casual and functional.",Spring,Sports
b47,"p227,p228,p229,p230,p231","Outdoor techwear: brown and khaki color-block shell jacket with black outdoor trousers, trekking pole and backpack details highlight professional outdoor attributes, color-blocked silhouette adds depth, suitable for hiking and other outdoor activities.",Autumn/Winter,Travel
b48,"p232,p233,p234,p235,p236,p237","Outdoor techwear: gray and black color-block down jacket with black cargo pants, quilting technique and trekking pole pairing balance warmth and utility, suitable for cold-weather outdoor scenarios.",Autumn/Winter,Travel
b49,"p238,p239,p240,p241","Outdoor techwear: light gray and blue color-block hooded top with navy outdoor trousers, contrast pockets and loose fit, comfortable and casual, suitable for daily light outdoor wear.",Spring,Home
b50,"p242,p243,p244,p245,p246","Outdoor techwear: olive green short-sleeve top with light khaki shorts, yellow waist bag enhances practical details, lightweight silhouette, suitable for summer outdoor casual scenarios.",Summer,Sports
b51,"p247,p248,p249,p250,p251","Outdoor techwear: navy and gray color-block short-sleeve top paired with light gray shorts, 'OUTDOORS' lettering and functional fabric suitable for light outdoor activities, casual and practical.",Summer,Home
b52,"p252,p253,p254,p255","Quiet luxury: black loose jacket with matching wide-leg trousers, textured fabric combined with minimalist silhouette, monochromatic tone creates a calm and relaxed sophisticated vibe.",Autumn/Winter,Home
b53,"p256,p257,p258,p259,p260","Commuter casual: light khaki jacket layered over a white shirt, paired with dark blue wide-leg jeans, clean and comfortable look, suitable for daily commuting.",Spring,Travel
b54,"p261,p262,p263,p264,p265","Commuter casual: light gray half-zip knit top with dark brown wide-leg trousers, soft fabric combined with loose fit, comfortable and casual, suitable for daily wear.",Autumn,School
b55,"p266,p267,p268,p269,p270","American vintage: dark gray duffle coat with black wide-leg trousers, classic coat silhouette combined with uniform color, vintage texture with a relaxed vibe.",Autumn/Winter,Social
b56,"p271,p272,p273,p274","American vintage: burgundy reindeer jacquard sweater paired with light blue wide-leg jeans, vintage jacquard pattern combined with classic denim silhouette, winter casual vintage aesthetic.",Autumn,Home
b57,"p275,p276,p277,p278","American vintage: dark green reindeer jacquard sweater with distressed wide-leg jeans, dark tones echo the vintage jacquard, sophisticated style with a winter casual vibe.",Autumn/Winter,Home
b58,"p279,p280,p281,p282,p283","Quiet luxury: light khaki faux-fur collar jacket layered over a white shirt, paired with black corduroy wide-leg trousers, textured fabric and soft tones create a relaxed sophisticated look.",Autumn/Winter,Travel
b59,"p284,p285,p286,p287","Commuter casual: gray plaid shirt layered over a white inner top, paired with black cargo wide-leg trousers, clean and comfortable silhouette, suitable for daily commuting.",Spring,School
b60,"p288,p289,p290,p291","Korean trendy: black leather jacket layered over an off-white shirt, paired with dark gray cargo wide-leg trousers, leather fabric combined with cargo elements, edgy and suitable for daily street style.",Autumn,Social
b61,"p292,p293,p294,p295","American vintage: military green jacket layered over a white shirt, paired with light blue wide-leg jeans, classic jacket silhouette combined with denim pieces, inherent casual vintage aesthetic.",Spring,Travel
b62,"p296,p297,p298,p299","American vintage: beige-brown jacquard sweater with distressed dark brown corduroy pants, vintage jacquard pattern echoes the distressed fabric, sophisticated style with a winter casual vibe.",Autumn/Winter,Home
b63,"p300,p301,p302,p303","Korean trendy: black leather jacket layered over a white shirt, paired with khaki cargo wide-leg trousers, leather fabric combined with cargo elements, edgy and suitable for daily street style.",Autumn,Social
b64,"p304,p305,p306,p307,p308","Korean trendy: black leather jacket layered over a blue shirt, paired with dark brown cargo wide-leg trousers, contrast between dark and light tones enhances the look, distinct style suitable for daily wear.",Autumn,Travel
b65,"p309,p310,p311,p312,p313","Avant-garde deconstructed: gray and black diamond-pattern knit jacket with black wide-leg trousers, metal charms and leather bag accents, unique design sense, distinct deconstructed aesthetic.",Autumn/Winter,Travel
b66,"p314,p315,p316,p317","Avant-garde deconstructed: plaid shirt with side stripe decoration paired with dark brown corduroy cargo pants, silk scarf and metal charm details break conventional silhouettes, unique design sense, distinct deconstructed aesthetic.",Autumn,School
b67,"p318,p319,p320,p321","American vintage: plaid shirt layered over a white inner top, paired with distressed light khaki wide-leg trousers, leather charms and belt reinforce the vintage vibe, relaxed look with a street-style casual aesthetic.",Spring,Home
b68,"p322,p323,p324,p325,p326","Korean trendy: gray and black leopard-print sweater with off-white cargo pants, metal charm details, trendy elements combined with loose fit, suitable for daily street style.",Spring,Social
b69,"p327,p328,p329,p330,p331","Commuter casual: black and white striped short-sleeve top with dark gray wide-leg trousers, beret and crossbody bag accessories add a casual feel, comfortable silhouette suitable for daily commuting.",Summer,Home
b70,"p332,p333,p334,p335,p336,p337","Outdoor techwear: gray-brown hooded top with camouflage cargo pants, side stripes and metal charm details enhance practical design, overall rugged style, suitable for light outdoor activities.",Autumn/Winter,Travel
b71,"p338,p339,p340,p341,p342,p343,p344","Avant-garde deconstructed: brown-toned hooded top paired with dark brown corduroy cargo pants, plaid inner layer and crossbody bag details break conventional silhouettes, unique design sense, distinct deconstructed aesthetic.",Autumn,Travel
b72,"p345,p346,p347,p348,p349","Outdoor techwear: black jacket with matching striped cargo pants, minimalist silhouette combined with practical pockets, rugged style suitable for light outdoor activities.",Autumn,Sports
b73,"p350,p351,p352,p353,p354,p355","Quiet luxury: gray knit baseball jacket with light khaki wide-leg trousers, textured fabric combined with soft tones, creates a relaxed and calm sophisticated vibe.",Spring,School
b74,"p356,p357,p358,p359,p360,p361,p362,p363,p364","Korean trendy: black baseball jacket layered over a leopard-print shirt, paired with distressed denim wide-leg trousers, leopard print and metal charm details reinforce the edgy look, suitable for daily street style.",Autumn/Winter,Social
b75,"p365,p366,p367,p368,p369","Commuter casual: black quilted jacket with off-white cargo pants, minimalist silhouette combined with comfortable fabric, suitable for daily commuting.",Autumn/Winter,Home
b76,"p370,p371,p372,p373","American vintage: brown plaid shirt-jacket paired with light khaki wide-leg trousers, metal-button pockets and charm details reinforce the vintage texture, relaxed look with a street-style casual aesthetic.",Autumn,Home
b77,"p374,p375,p376,p377,p378,p379,p380","Commuter casual: dark gray hooded sweatshirt layered over a plaid shirt, paired with black wide-leg trousers, comfortable silhouette combined with minimalist tones, suitable for daily commuting.",Autumn/Winter,Travel
b78,"p381,p382,p383,p384","Korean trendy: navy and red color-block collar sweatshirt with off-white wide-leg trousers, print decoration and contrast collar reinforce the trendy feel, distinct style suitable for daily street wear.",Spring,School
b79,"p385,p386,p387,p388,p389","Commuter casual: off-white shirt-jacket layered over a red plaid inner top, paired with light khaki wide-leg trousers, loose and comfortable silhouette, soft and coordinated color palette, suitable for daily commuting.",Spring,Social
b80,"p390,p391,p392,p393,p394","Quiet luxury: navy duffle knit cardigan with dark gray wide-leg trousers, textured fabric combined with classic duffle toggle design, creates a relaxed and calm sophisticated vibe.",Autumn,Home
b81,"p395,p396,p397,p398,p399,p400,p401,p402","Quiet Luxury Old Money: Brown toggle-button knit cardigan with dark brown wide-leg trousers; textured fabric meets classic toggle design, monochromatic styling for a relaxed, sophisticated aesthetic.",Autumn,Travel
b82,"p403,p404,p405,p406,p407,p408",Commuter Casual: Off-white toggle-button knit cardigan layered over a plaid shirt with dark gray cargo wide-leg trousers; comfortable fit and soft tones for daily commuting.,Spring,Travel
b83,"p409,p410,p411,p412,p413,p414,p415","Avant-Garde Deconstructed: Gray knit cardigan with plaid pocket details paired with dark gray cargo wide-leg trousers; mixed materials and metal charms break conventional silhouettes for a niche, design-forward look.",Autumn,Home
b84,"p416,p417,p418,p419,p420","Korean Streetwear: Black knit cardigan with leather pocket details and dark gray wide-leg trousers; leather elements and cross charms enhance the edgy vibe, perfect for daily wear.",Autumn/Winter,Social
b85,"p421,p422,p423,p424,p425","Outdoor Techwear: Gray and black striped sweater with black cargo wide-leg trousers; multi-pocket design and metal charms emphasize utility, rugged style for light outdoor activities.",Autumn,School
b86,"p426,p427,p428,p429","Quiet Luxury Old Money: Black snowflake-pattern faux fur collar jacket with matching wide-leg trousers; fur collar adds texture, monochromatic tone for a sophisticated, premium look, ideal for winter leisure.",Winter,Sports
b87,"p430,p431,p432,p433,p434","American Retro: Khaki toggle-button coat layered over a white top, with a plaid scarf and dark blue jeans; classic coat silhouette meets vintage plaid for a winter casual vibe.",Winter,Travel
b88,"p435,p436,p437,p438,p439,p440",Commuter Casual: Dark brown toggle-button coat layered over a plaid shirt with off-white wide-leg trousers; relaxed fit and soft tones for daily commuting.,Autumn,Social
b89,"p441,p442,p443,p444,p445,p446,p447","Korean Streetwear: Dark gray toggle-button coat with a light green inner layer and color-block scarf; minimalist yet trendy, perfect for daily wear.",Winter,Home
b90,"p448,p449,p450,p451,p452","Quiet Luxury Old Money: Dark gray toggle-button coat with wide-leg trousers and a layered striped sweater; monochromatic styling for a relaxed, sophisticated winter formal-casual look.",Autumn,Social
b91,"p453,p454,p455,p456,p457","Outdoor Techwear: Navy cargo jacket with wide-leg trousers; metal buckle accents and multi-pocket design enhance utility, rugged style for light outdoor activities.",Spring,Travel
b92,"p458,p459,p460,p461,p462","Outdoor Techwear: Dark gray cargo jacket with wide-leg trousers; distressed fabric and multi-pocket design combine vintage appeal with utility, ideal for light outdoor wear.",Autumn,Home
b93,"p463,p464,p465,p466","Quiet Luxury Old Money: Black leather jacket with matching wide-leg trousers; minimalist silhouette and textured fabric in a monochromatic tone for a sophisticated, premium look.",Autumn,Social
b94,"p467,p468,p469,p470,p471",Commuter Casual: Gray and white color-block hoodie with matching shorts; relaxed fit and soft tones for summer daily commuting.,Summer,Home
b95,"p472,p473,p474,p475,p476,p477",Korean Streetwear: Light khaki jacket layered over a blue shirt with dark brown cargo shorts; contrast cuffs and layered styling for a trendy summer look.,Summer,Travel
b96,"p478,p479,p480,p481","Korean Streetwear: Black jacket layered over a light gray top with matching wide-leg trousers; blue plaid cuffs and waist details add a trendy, distinct edge for daily wear.",Autumn,School
b97,"p482,p483,p484,p485,p486","American Retro: Navy splatter-print denim set including jacket and wide-leg trousers; leather collar and distressed splatter elements for a vintage, effortless vibe.",Autumn,Home
b98,"p487,p488,p489,p490","American Retro: Navy splatter-print denim set including jacket and wide-leg trousers, layered with a black top and leather crossbody bag; vintage elements and accessories for a relaxed, casual style.",Autumn,Travel
b99,"p491,p492,p493,p494,p495,p496","Avant-Garde Deconstructed: Brown splatter-print cargo set including jacket and wide-leg trousers; contrast inner layer and irregular splatter details break conventional silhouettes for a niche, design-forward look.",Autumn,Social
b100,"p497,p498,p499,p500,p501",Commuter Casual: Light brown knit cardigan layered over gray and white tops with dark brown wide-leg trousers; soft fabric and relaxed fit for comfortable daily commuting.,Spring,Home
b101,"p502,p503,p504,p505,p506","American Retro: Gray knit cardigan layered over a light gray top with light green distressed wide-leg trousers; scarf and distressed details for a vintage, effortless vibe.",Summer,Home
b102,"p507,p508,p509,p510,p511,p512",Outdoor Techwear: Dark brown cargo set including jacket and shorts; multi-pocket design and crossbody bag enhance utility for light outdoor activities.,Summer,Travel
b103,"p513,p514,p515,p516,p517,p518","Outdoor Techwear: Light khaki cargo set including jacket and shorts; hooded design and drawstring details for added functionality, soft tones for light outdoor wear.",Summer,Home
b104,"p519,p520,p521,p522","Commuter Casual: Dark brown long trench coat with matching wide-leg trousers; drawstring waist for comfort and shape, ideal for daily commuting.",Winter,Travel
b105,"p523,p524,p525,p526,p527","Quiet Luxury Old Money: Light khaki long trench coat with matching wide-leg trousers, layered with a color-block top and leather crossbody bag; textured fabric for a relaxed, premium vibe.",Autumn,Social
b106,"p528,p529,p530,p531","Quiet Luxury Old Money: Brown trench coat set including coat and wide-leg trousers, layered with gray and white tops; textured fabric and metal buckle details for a relaxed, sophisticated look.",Winter,Home
b107,"p532,p533,p534,p535,p536,p537","Korean Streetwear: Black trench coat with matching wide-leg trousers, layered with a color-block knit cardigan; all-black base and layered styling for an edgy, trendy look.",Winter,Social
b108,"p538,p539,p540,p541",Commuter Casual: Gray knit vest layered over a light gray short-sleeve top with dark gray cargo wide-leg trousers; relaxed fit and soft tones for daily commuting.,Summer,School
b109,"p542,p543,p544,p545","Outdoor Techwear: Black leather jacket with dark gray cargo wide-leg trousers; multi-pocket and metal hardware for a rugged, functional outdoor look.",Autumn,Home
b110,"p546,p547,p548,p549,p550","Korean Streetwear: Brown leather jacket with black wide-leg trousers, accented with a leather crossbody bag and ankle boots; trendy elements and relaxed fit for daily wear.",Autumn,Travel
b111,"p551,p552,p553,p554,p555","American Retro: Light green distressed denim set including jacket and wide-leg trousers, layered with a gray-black top; scarf and distressed details for a vintage, effortless vibe.",Spring,Home
b112,"p556,p557,p558,p559","American Retro: Light blue distressed denim set including jacket and wide-leg trousers, layered with a black plaid top; distressed wash for a vintage, casual atmosphere.",Spring,Travel
b113,"p560,p561,p562,p563,p564","Commuter Casual: Black down jacket with distressed denim wide-leg trousers, layered with a hoodie and black bag; voluminous fit for warmth and comfort, ideal for winter commuting.",Winter,Home
b114,"p565,p566,p567,p568","Korean Streetwear: Gray, white, and brown striped sweater layered over a denim shirt with distressed denim wide-leg trousers; metal charms for a trendy edge, perfect for daily wear.",Autumn,School
b115,"p569,p570,p571,p572,p573","Commuter Casual: Brown and blue striped sweater layered over a blue shirt with khaki wide-leg trousers; beret accessory, soft tones and relaxed fit for daily commuting.",Autumn,Home
b116,"p574,p575,p576,p577,p578","Outdoor Techwear: Brown corduroy down jacket with black cargo wide-leg trousers; belt detail, thick fabric, and multi-pocket design for winter light outdoor activities.",Winter,Travel
b117,"p579,p580,p581,p582,p583,p584,p585","Korean Streetwear: Black plush-texture jacket with matching wide-leg trousers, layered with gray and white tops and a black bag; all-black base and layered styling for an edgy, trendy look.",Winter,Home
b118,"p586,p587,p588,p589,p590","American Retro: Black quilted jacket layered over a light blue denim shirt with distressed denim wide-leg trousers; glove accessory for a vintage, relaxed, and effortless vibe.",Winter,Travel
b119,"p591,p592,p593,p594,p595,p596","Commuter Casual: Off-white quilted jacket with black wide-leg trousers; scarf accessory for warmth, soft tones and relaxed fit for winter daily commuting.",Winter,Home
b120,"p597,p598,p599,p600,p601","Quiet Luxury Old Money: Brown wool coat with black wide-leg trousers, layered with a hoodie and silk scarf; textured fabric and refined details for a relaxed, sophisticated vibe.",Winter,Social
b121,"p602,p603,p604,p605,p606","Quiet Luxury Old Money: Black wool coat layered over a grey hooded shirt, paired with grey wide-leg trousers, accented with a plaid silk scarf for refined detail, featuring textured fabrics for a relaxed and sophisticated aesthetic.",Winter,Home
b122,"p607,p608,p609,p610,p611","Korean Trendy: Brown-grey plaid faux fur coat paired with black wide-leg trousers, layered over a black top with a brown scarf, featuring faux fur texture and color-blocking for a cool, street-ready look.",Winter,Travel
b123,"p612,p613,p614,p615,p616,p617,p618","American Retro: Brown-grey plaid faux fur coat layered over a denim shirt, paired with black wide-leg trousers, accented with a silk scarf and black bag for a casual, vintage-inspired style.",Winter,Social
b124,"p619,p620,p621,p622,p623,p624","Commuter Casual: Brown-toned faux fur jacket paired with black wide-leg trousers, layered over a black top with a belt, featuring a relaxed fit and soft tones suitable for daily commuting.",Autumn,Home
b125,"p625,p626,p627,p628,p629","Outdoor Tech: Grey-toned faux fur jacket paired with distressed wide-leg jeans, layered over a black top with a black bag and gloves for added utility, featuring a rugged style for light outdoor activities.",Autumn,School
b126,"p630,p631,p632,p633,p634","American Retro: Brown-toned corduroy vest layered over a light blue denim shirt, paired with matching wide-leg trousers, accented with a black scarf for a relaxed, vintage-inspired aesthetic.",Autumn,Travel
b127,"p635,p636,p637,p638,p639","Korean Trendy: Black faux fur patchwork jacket paired with distressed wide-leg jeans, layered over a plaid shirt, accented with metal charms for a trendy, street-ready look.",Autumn,Home
b128,"p640,p641,p642,p643,p644","Quiet Luxury Old Money: Grey wool coat layered over a hooded top, paired with light blue wide-leg jeans, combining textured fabrics and a classic silhouette for a relaxed, sophisticated aesthetic.",Winter,Home
b129,"p645,p646,p647,p648,p649,p650","Commuter Casual: Grey wool coat layered over a light grey top, paired with matching wide-leg trousers, accented with a silk scarf and black bag for a polished, daily commute look.",Winter,Social
b130,"p651,p652,p653,p654,p655","Outdoor Tech: Brown-toned glossy down jacket paired with matching cargo wide-leg trousers, featuring multi-pocket design for utility, with a glossy finish and relaxed fit for winter outdoor activities.",Winter,Travel
b131,"p656,p657,p658,p659,p660,p661","Commuter Casual: Black glossy down jacket paired with matching wide-leg culottes, layered over a light grey top, combining warmth and style for winter daily commuting.",Winter,Home
b132,"p662,p663,p664,p665,p666","Quiet Luxury Old Money: Brown-toned faux fur coat paired with matching wide-leg trousers, accented with a black bag, featuring textured fabrics for a relaxed and sophisticated aesthetic.",Winter,Travel
b133,"p667,p668,p669,p670,p671,p672,p673","Korean Trendy: Brown-toned faux fur coat layered over a hooded plaid top, paired with black wide-leg trousers, accented with a black bag for a cool, street-ready look.",Winter,Social
b134,"p674,p675,p676,p677,p678,p679","American Retro: Black faux fur coat paired with distressed wide-leg jeans, accented with a beanie and black bag for a casual, vintage-inspired style.",Winter,Home
b135,"p680,p681,p682,p683,p684","Outdoor Tech: Black patchwork jacket paired with matching wide-leg trousers, featuring a hooded top and large black bag, with multi-material construction and functional accessories for light outdoor activities.",Winter,Travel
b136,"p685,p686,p687,p688","Outdoor Tech: Light khaki jacket with shearling collar paired with dark brown cargo wide-leg trousers, featuring multi-pocket design and shearling collar for warmth and texture, suitable for winter outdoor activities.",Autumn,Travel
b137,"p689,p690,p691,p692,p693,p694","Commuter Casual: Black patchwork long jacket paired with light blue wide-leg jeans, accented with a large black bag for utility, featuring a relaxed fit and all-black base for daily commuting.",Winter,Home
b138,"p695,p696,p697,p698,p699","Quiet Luxury Old Money: Grey-toned glossy down jacket layered over a brown top, paired with matching wide-leg trousers, featuring textured fabrics and a monochromatic palette for a relaxed, sophisticated aesthetic.",Winter,Travel
b139,"p700,p701,p702,p703,p704","Korean Trendy: Black glossy down jacket layered over a white top, paired with matching wide-leg trousers, featuring an all-black layered look for a cool, street-ready style.",Winter,Home
b140,"p705,p706,p707,p708","American Retro: Light blue distressed denim set including a shirt and wide-leg trousers, accented with a belt for a vintage, casual aesthetic.",Spring,Social
b141,"p709,p710,p711,p712,p713,p714","American Retro: Brown-toned corduroy set including a shirt and wide-leg trousers, accented with a belt, silk scarf, and black bag for a vintage, casual aesthetic.",Autumn,Travel
b142,"p715,p716,p717,p718,p719","Commuter Casual: Light brown cable-knit sweater layered over a blue shirt, paired with dark green wide-leg jeans, accented with a silk scarf for a soft, daily commute look.",Autumn,Home
b143,"p720,p721,p722,p723,p724,p725,p726","Quiet Luxury Old Money: Dark grey cable-knit sweater paired with khaki wide-leg trousers, accented with a brown hat and leather crossbody bag, featuring textured fabrics and a monochromatic palette for a sophisticated aesthetic.",Winter,Home
b144,"p727,p728,p729,p730","Korean Trendy: Brown-toned tweed jacket layered over a brown turtleneck, paired with black wide-leg trousers, accented with metal charms for a trendy, street-ready look.",Autumn,Social
b145,"p731,p732,p733,p734","Korean Trendy: Brown-toned tweed jacket layered over a white shirt, paired with black wide-leg trousers, accented with a belt and necklace for a stylish, street-ready look.",Autumn,School
b146,"p735,p736,p737,p738,p739,p740","Outdoor Tech: Black glossy down jacket paired with matching wide-leg trousers, accented with gloves and a baseball cap for utility, featuring a glossy finish and relaxed fit for winter outdoor activities.",Winter,Travel
b147,"p741,p742,p743,p744,p745","Commuter Casual: Grey-toned glossy down jacket layered over a white top, paired with matching wide-leg trousers, featuring a monochromatic palette for warmth and comfort in daily commuting.",Winter,Home
b148,"p746,p747,p748,p749,p750","Korean Trendy: Grey-toned wool jacket layered over a plaid top, paired with brown wide-leg trousers, accented with a scarf for a trendy, street-ready look.",Winter,Social
b149,"p751,p752,p753,p754,p755,p756","Quiet Luxury Old Money: Brown-toned faux fur vest layered over a plaid shirt, paired with black wide-leg culottes, accented with a leather crossbody bag, featuring textured fabrics for a sophisticated aesthetic.",Autumn,Home
b150,"p757,p758,p759,p760,p761","Korean Trendy: Grey-toned faux fur vest layered over a grey knit top, paired with matching wide-leg trousers, accented with blue knit details for a stylish, street-ready look.",Winter,Travel
b151,"p762,p763,p764,p765","Quiet Luxury Old Money: Brown-toned wool set including a jacket and wide-leg trousers, accented with a matching scarf for a cohesive, sophisticated aesthetic.",Winter,Home
b152,"p766,p767,p768,p769,p770","Outdoor Tech: Black down jacket paired with light blue wide-leg jeans, layered over a plaid shirt with a crossbody bag for utility, featuring a voluminous fit for winter outdoor activities.",Winter,Travel
b153,"p771,p772,p773,p774,p775","Korean Trendy: Black knit sweater layered over a plaid shirt, paired with distressed wide-leg jeans, accented with a silk scarf for a trendy, street-ready look.",Autumn,Home
b154,"p776,p777,p778,p779,p780,p781,p782","Commuter Casual: Black shirt-style jacket paired with black wide-leg culottes, layered over a plaid shirt with a black bag for added depth, featuring a relaxed fit for daily commuting.",Autumn,School
b155,"p783,p784,p785,p786,p787,p788","Korean Trendy: Light blue patchwork jacket paired with black wide-leg trousers, layered over a dark grey top with a black bag, featuring color-blocking for a cool, street-ready look.",Winter,Travel
b156,"p789,p790,p791,p792,p793,p794","Commuter Casual: Light brown corduroy set including a hooded jacket and wide-leg trousers, layered over a plaid shirt with gloves for warmth, featuring soft tones for daily commuting.",Winter,Home
b157,"p795,p796,p797,p798,p799","Korean Trendy: Black faux fur hooded jacket paired with matching wide-leg trousers, layered over a plaid shirt, featuring an all-black layered look for a cool, street-ready style.",Winter,Travel
b158,"p800,p801,p802,p803,p804","Korean Trendy: Bright blue faux fur sweater layered over a plaid shirt, paired with dark brown wide-leg trousers, accented with a leather crossbody bag, featuring color-blocking for a street-ready look.",Autumn,Social
b159,"p805,p806,p807,p808,p809","Quiet Luxury Old Money: Brown-toned faux fur sweater paired with matching wide-leg trousers, accented with metal charms and a leather crossbody bag, featuring textured fabrics for a sophisticated aesthetic.",Winter,Home
b160,"p810,p811,p812,p813,p814,p815","Quiet Luxury Old Money: Brown-toned faux fur coat paired with black wide-leg trousers, accented with a striped scarf, featuring a classic double-breasted silhouette and textured fabrics for a relaxed, sophisticated aesthetic.",Winter,Social
b161,"p816,p817,p818,p819","Avant-garde deconstructed style: black glossy leather jacket paired with matching cargo wide-leg trousers, metal buckles, ribbons, and irregular cuts enhance the deconstructed design, suitable for trendy street style.",Autumn,School
b162,"p820,p821,p822,p823","Avant-garde deconstructed style: black leather trench coat paired with matching wide-leg trousers, long silhouette combined with a belted waist structure, creating a cool and avant-garde atmosphere.",Winter,Travel
b163,"p824,p825,p826,p827","Avant-garde deconstructed style: black paneled leather jacket paired with matching cargo wide-leg trousers, paneled materials combined with metal hardware details, suitable for trendy street style.",Autumn,Social
b164,"p828,p829,p830,p831","Avant-garde deconstructed style: black and red color-blocked leather jacket paired with matching printed wide-leg trousers, contrasting panels combined with distressed cut-out details, distinctive style for trendy street wear.",Winter,Home
b165,"p832,p833,p834,p835","Avant-garde deconstructed style: black distressed leather jacket paired with matching paneled wide-leg trousers, layered cuts combined with subtle textured patterns, creating a low-key avant-garde look.",Winter,Travel
b166,"p836,p837,p838,p839","Avant-garde deconstructed style: black denim set with a white inner layer, side-button details and print decorations on the trousers enhance the deconstructed design, suitable for trendy street style.",Autumn,Social
b167,"p840,p841,p842,p843","Avant-garde deconstructed style: grey-toned T-shirt paired with black cargo wide-leg trousers, cross-body jacket styling and glove accessories highlight the deconstructed look, personalized style for trendy street wear.",Autumn,School
b168,"p844,p845,p846,p847,p848","Outdoor functional style: khaki distressed jacket paired with black cargo wide-leg trousers, faux fur-trimmed hood and multi-pocket trousers enhance utility, suitable for light winter outdoor scenes.",Winter,Travel
b169,"p849,p850,p851,p852,p853","Avant-garde deconstructed style: black and grey textured suit paired with a white shirt and tie, frayed hem on trousers and corsage decoration highlight deconstructed details, unique style for trendy street wear.",Autumn,Social
b170,"p854,p855,p856,p857","Commuter casual style: navy and grey paneled suit paired with a light grey shirt, paneled materials and loose fit balance comfort and texture, suitable for daily commuting.",Autumn,Home
b171,"p958,p959,p960,p961,p962","Commuter casual style: pink knit jacket layered over a grey sweater and white shirt, paired with dark blue wide-leg jeans, soft tones and loose fit balance comfort and texture, suitable for daily commuting.",Spring,Social
b172,"p863,p864,p865,p866","Commuter casual style: grey and white knit jacket paired with black wide-leg trousers, white belt detail enhances the look, minimalist style suitable for daily commuting.",Autumn,School
b173,"p867,p868,p869,p870","Commuter casual style: grey-toned knit jacket layered over a dark grey shirt, paired with matching wide-leg trousers, muted color palette and textured fabric create a relaxed vibe, suitable for daily commuting.",Autumn,Home
b174,"p871,p872,p873,p874","Commuter casual style: off-white knit jacket layered over a white shirt, paired with dark grey wide-leg trousers, black bag accessory enhances utility, soft style suitable for daily commuting.",Spring,Social
b175,"p875,p876,p877,p878","Avant-garde deconstructed style: black pearl-embellished knit jacket paired with matching wide-leg trousers, pearl elements and cable-knit texture enhance the deconstructed design, personalized style for trendy street wear.",Winter,Home
b176,"p879,p880,p881,p882","Commuter casual style: off-white knit cardigan layered over a matching inner top, paired with off-white cargo wide-leg trousers, unified color palette and loose fit balance comfort and texture, suitable for daily commuting.",Spring,Home
b177,"p883,p884,p885,p886","Avant-garde deconstructed style: red knit cardigan layered over a black turtleneck, paired with navy wide-leg trousers, pearl embellishments and cable-knit texture enhance the deconstructed design, personalized style for trendy street wear.",Autumn,Social
b178,"p887,p888,p889,p890,p891","Avant-garde deconstructed style: grey-toned knit cardigan layered over a striped suit and shirt, paired with matching wide-leg trousers, pearl embellishments and multi-layering highlight deconstructed details, suitable for trendy street style.",Autumn,School
b179,"p892,p893,p894,p895","Commuter casual style: off-white loose-fit knit sweater layered over a black shirt, paired with black wide-leg trousers, minimalist style and soft tones suitable for daily commuting.",Spring,Home
b180,"p896,p897,p898,p899","Commuter casual style: green loose-fit knit sweater layered over a black shirt, paired with black wide-leg trousers, color-blocked design and comfortable fit suitable for daily commuting.",Autumn,Social
b181,"p900,p901,p902,p903","Commuter casual style: green loose-fit knit sweater layered over a white shirt, paired with off-white cargo wide-leg trousers, soft tones and comfortable fit suitable for daily commuting.",Autumn,Home
b182,"p904,p905,p906,p907","Commuter casual style: black loose-fit knit sweater layered over a white shirt, paired with off-white cargo wide-leg trousers, minimalist style and textured fabric meet daily comfort needs.",Autumn,Social
b183,"p908,p909,p910,p911","Avant-garde deconstructed style: pink knit cardigan layered over a light blue shirt, paired with dark blue contrast-stitch wide-leg trousers, cable-knit texture and contrast stitching enhance deconstructed details, suitable for trendy street style.",Spring,Travel
b184,"p912,p913,p914,p915","Commuter casual style: black heathered knit cardigan layered over a white shirt, paired with black wide-leg trousers, muted color palette and loose fit suitable for daily commuting.",Winter,Home
b185,"p916,p917,p918,p919,p920","Avant-garde deconstructed style: black long coat layered over a printed inner top and decorative vest, paired with black wide-leg trousers, multi-layering and print elements highlight the deconstructed look, suitable for trendy street style.",Winter,Social
b186,"p921,p922,p923,p924,p925","Avant-garde deconstructed style: black long coat layered over a white shirt and zippered inner layer, paired with greyish-white wide-leg trousers, baseball cap accessory and layered styling enhance the deconstructed look, suitable for trendy street style.",Winter,Home
b187,"p926,p927,p928,p929","American vintage style: dark grey denim set paired with a light grey inner layer, distressed denim fabric and metal buttons exude a vintage texture, suitable for daily casual scenes.",Autumn,Travel
b188,"p930,p931,p932,p933","Quiet luxury style: black wool coat layered over a grey sweater, paired with matching wide-leg trousers, unified color palette and textured fabric create a relaxed and sophisticated vibe, suitable for daily commuting.",Winter,Social
b189,"p934,p935,p936,p937","Avant-garde deconstructed style: dark green wool coat layered over a black sweater, paired with matching wide-leg trousers, high-neck wrap design enhances deconstructed details, suitable for trendy street style.",Winter,Home
b190,"p938,p939,p940,p941,p942","Commuter casual style: off-white fluffy jacket layered over a sherpa inner top, paired with light blue wide-leg jeans, soft tones and comfortable fit suitable for daily commuting.",Spring,Home
b191,"p943,p944,p945,p946,p947","Avant-garde deconstructed style: dark brown jacket paired with black and grey wide-leg trousers, shoulder strap decoration enhances the deconstructed design, suitable for trendy street style.",Winter,Travel
b192,"p948,p949,p950,p951","Commuter casual style: grey-toned knit cardigan layered over a light blue shirt, paired with black and grey wide-leg trousers, red belt accent enhances the look, suitable for daily commuting.",Autumn,School
b193,"p952,p953,p954,p955","American vintage style: khaki trench coat layered over a brown sweater, paired with distressed wide-leg jeans, vintage fabric and cut-out details exude an American casual texture, suitable for daily casual scenes.",Autumn,Travel
b194,"p956,p957,p958,p959","Avant-garde deconstructed style: grey-toned suit set layered over a hooded knit inner top, the combination of hoodie and suit enhances the deconstructed look, suitable for trendy street style.",Winter,Home
b195,"p960,p961,p962,p963","Commuter casual style: black cargo jacket paired with matching wide-leg trousers, minimalist silhouette and unified color palette suitable for daily commuting.",Winter,Travel
b196,"p964,p965,p966,p967,p968","Commuter casual style: black cargo jacket layered over a grey knit and red-trimmed inner top, paired with dark black wide-leg jeans, layered styling enhances the look, suitable for daily commuting.",Winter,Home
b197,"p969,p970,p971,p972","American vintage style: blue and white plaid shirt layered over a light grey inner layer, paired with distressed wide-leg jeans, vintage plaid and cut-out details exude an American casual texture, suitable for daily casual scenes.",Spring,Travel
b198,"p973,p974,p975,p976,p977","Commuter casual style: black and white plaid shirt layered over a light grey inner layer, paired with black wide-leg trousers, scarf accessory enhances the look, suitable for daily commuting.",Autumn,School
b199,"p978,p979,p980,p981","Quiet luxury style: brown-toned plush cardigan layered over a matching inner top, paired with grey-toned wide-leg trousers, leather belt accent creates a relaxed and sophisticated vibe, suitable for daily commuting.",Autumn,Home
b200,"p982,p983,p984,p985","Commuter casual style: grey-toned plush cardigan layered over a blue and white plaid shirt, paired with light blue wide-leg jeans, soft material and loose fit suitable for daily commuting.",Spring,Social
b201,"p986,p987,p988,p989","Smart Casual: Grey suit layered over a light blue top, featuring a relaxed fit and monochromatic palette for comfort and texture, suitable for daily commuting.",Autumn,Home
b202,"p990,p991,p992,p993","Smart Casual: Light brown half-zip top layered over a tonal base, paired with dark black wide-leg jeans, featuring a soft color palette suitable for daily commuting.",Autumn,School
b203,"p994,p995,p996,p997,p998","Avant-Garde Deconstructed: Dark grey short-sleeve top layered over a striped base, paired with black wide-leg trousers, featuring a drawstring collar to emphasize deconstructed details, suitable for trendy street style.",Winter,Travel
b204,"p999,p1000,p1001,p1002,p1003","Quiet Luxury: Brown suit set layered over a printed top, featuring premium fabric for a relaxed, sophisticated aesthetic, suitable for daily commuting.",Autumn,Social
b205,"p1004,p1005,p1006,p1007,p1008","Quiet Luxury: Brown suit set layered over a printed top with scarf accessory, featuring multi-layered styling to enhance detail, creating a relaxed, sophisticated aesthetic for daily commuting.",Autumn,Home
b206,"p1009,p1010,p1011,p1012","Avant-Garde Deconstructed: Burgundy jacket paired with dark black wide-leg jeans, featuring belt accents to emphasize deconstructed design, suitable for trendy street style.",Winter,Travel
b207,"p1013,p1014,p1015,p1016","Smart Casual: Light grey long coat layered over a black base, featuring a relaxed fit and soft color palette, suitable for daily commuting.",Winter,Home
b208,"p1017,p1018,p1019,p1020","Smart Casual: Black long coat layered over a black base, featuring a monochromatic palette and comfortable fit, suitable for daily commuting.",Winter,Social
b209,"p1021,p1022,p1023,p1024","Avant-Garde Deconstructed: Burgundy corduroy jacket paired with dark black wide-leg jeans, featuring metal zipper details to emphasize the deconstructed look, suitable for trendy street style.",Winter,Home
b210,"p1025,p1026,p1027,p1028","Smart Casual: Brown jacket layered over a hooded top, paired with light beige wide-leg trousers, featuring a soft color palette and relaxed fit, suitable for daily commuting.",Spring,Social
b211,"p1029,p1030,p1031,p1032","Smart Casual: Grey plush cardigan layered over a black base, paired with black wide-leg trousers, featuring soft textures and a relaxed fit, suitable for daily commuting.",Autumn,Home
b212,"p1033,p1034,p1035,p1036","Avant-Garde Deconstructed: Black hooded coat paired with dark green wide-leg jeans, featuring side metal buckle details to emphasize deconstructed design, suitable for trendy street style.",Winter,Travel
b213,"p1037,p1038,p1039,p1040","Quiet Luxury: Dark grey wool coat layered over a black base, paired with light beige wide-leg trousers, featuring premium fabric for a relaxed, sophisticated aesthetic, suitable for daily commuting.",Winter,Social
b214,"p1041,p1042,p1043,p1044","Quiet Luxury: Dark grey wool coat layered over a black base, paired with black wide-leg trousers, featuring a monochromatic palette and premium fabric for a composed, sophisticated aesthetic, suitable for daily commuting.",Winter,Home
b215,"p1045,p1046,p1047,p1048","Avant-Garde Deconstructed: Grey diamond-pattern knit jacket layered over a black base, paired with black wide-leg trousers, featuring line accents to emphasize deconstructed details, suitable for trendy street style.",Autumn,School
b216,"p1049,p1050,p1051,p1052","Avant-Garde Deconstructed: Teal diamond-pattern knit jacket layered over a black base, paired with black wide-leg trousers, featuring red line accents to emphasize deconstructed details, suitable for trendy street style.",Spring,Social
b217,"p1053,p1054,p1055,p1056","Quiet Luxury: Brown suit set layered over a light blue shirt, featuring leather collar accents for added texture, suitable for daily commuting.",Autumn,Travel
b218,"p1057,p1058,p1059,p1060","Quiet Luxury: Navy coat layered over a black base, paired with black wide-leg trousers, featuring leather collar accents for a composed, sophisticated aesthetic, suitable for daily commuting.",Winter,Home
b219,"p1061,p1062,p1063,p1064","Avant-Garde Deconstructed: Burgundy suit set layered over a hooded top, featuring side paneling to emphasize deconstructed design, suitable for trendy street style.",Winter,Travel
b220,"p1065,p1066,p1067,p1068","Avant-Garde Deconstructed: Black jacket layered over a light grey base, paired with black wide-leg trousers, featuring leather collar and paneling to emphasize deconstructed details, suitable for trendy street style.",Autumn,School
b221,"p1069,p1070,p1071,p1072","Avant-Garde Deconstructed: Black paneled jacket layered over a red-trimmed base, paired with black wide-leg trousers, featuring material contrast to emphasize deconstructed details, suitable for trendy street style.",Autumn,Home
b222,"p1073,p1074,p1075,p1076","Smart Casual: Brown hooded jacket layered over a black base, paired with light beige wide-leg trousers, featuring a soft color palette and relaxed fit, suitable for daily commuting.",Autumn,Travel
b223,"p1077,p1078,p1079,p1080","Quiet Luxury: Grey blazer layered over a black shirt, paired with dark brown wide-leg trousers, featuring contrast collar accents for added texture, suitable for daily commuting.",Autumn,Social
b224,"p1081,p1082,p1083,p1084","Avant-Garde Deconstructed: Light brown half-placket top layered over a white base, paired with black wide-leg jeans, featuring metal buckle accents to emphasize deconstructed design, suitable for trendy street style.",Spring,Home
b225,"p1085,p1086,p1087,p1088","Avant-Garde Deconstructed: Navy coat layered over a hooded top, paired with black wide-leg trousers, featuring paneling details to emphasize the deconstructed look, suitable for trendy street style.",Winter,Travel
b226,"p1089,p1090,p1091,p1092","Avant-Garde Deconstructed: Brown paneled jacket layered over a tonal base, paired with dark brown wide-leg trousers, featuring metal buckle accents to emphasize deconstructed details, suitable for trendy street style.",Autumn,Home
b227,"p1093,p1094,p1095,p1096","Smart Casual: Brown jacket layered over a white base, paired with black wide-leg jeans, featuring a soft color palette and relaxed fit, suitable for daily commuting.",Spring,Travel
b228,"p1097,p1098,p1099,p1100","Avant-Garde Deconstructed: Dark grey long coat layered over a black base, paired with navy wide-leg trousers, featuring contrast paneling to emphasize the deconstructed look, suitable for trendy street style.",Winter,Home
b229,"p1101,p1102,p1103,p1104","Avant-Garde Deconstructed: Black coat layered over a hooded top, paired with black wide-leg trousers, featuring metal hardware and diagonal zipper design to emphasize deconstructed details, suitable for trendy street style.",Winter,Travel
b230,"p1105,p1106,p1107,p1108","Quiet Luxury: Brown blazer layered over a black base, paired with black wide-leg trousers, featuring premium fabric for a composed, sophisticated aesthetic, suitable for daily commuting.",Autumn,Social
b231,"p1109,p1110,p1111,p1112","Avant-Garde Deconstructed: Black paneled jacket layered over a black base, paired with light grey wide-leg trousers, featuring side zipper accents to emphasize deconstructed details, suitable for trendy street style.",Winter,Home
b232,"p1113,p1114,p1115,p1116","Smart Casual: Grey jacket layered over a black base, paired with black wide-leg trousers, featuring a minimalist silhouette and monochromatic palette, suitable for daily commuting.",Autumn,School
b233,"p1117,p1118,p1119,p1120","Avant-Garde Deconstructed: Brown jacket layered over a hooded top, paired with black wide-leg jeans, featuring paneling design to emphasize the deconstructed look, suitable for trendy street style.",Autumn,Travel
b234,"p1121,p1122,p1123,p1124","Avant-Garde Deconstructed: Black blazer layered over a hooded top, paired with black wide-leg trousers, featuring leather accents to emphasize deconstructed details, suitable for trendy street style.",Autumn,Home
b235,"p1125,p1126,p1127,p1128","Quiet Luxury: Light brown paneled suit set layered over a tonal base, featuring premium fabric and contrast design for a relaxed, sophisticated aesthetic, suitable for daily commuting.",Spring,Social
b236,"p1129,p1130,p1131,p1132","Smart Casual: Dark grey long trench coat layered over a black base, paired with dark brown wide-leg trousers, featuring a minimalist silhouette and composed color palette, suitable for daily commuting.",Winter,Travel
b237,"p1133,p1134,p1135,p1136","Avant-Garde Deconstructed: Dark brown blazer layered over a burgundy shirt, paired with black wide-leg trousers, featuring layered design and side slits to emphasize the deconstructed look, suitable for trendy street style.",Winter,Home
b238,"p1137,p1138,p1139,p1140","Avant-Garde Deconstructed: Dark brown paneled jacket layered over a grey base, paired with black wide-leg trousers, featuring material contrast and metal hardware to emphasize deconstructed details, suitable for trendy street style.",Winter,Social
b239,"p1141,p1142,p1143,p1144","Quiet Luxury: Light brown blazer layered over a tonal base, paired with black wide-leg trousers, featuring premium fabric and contrast collar for a relaxed, sophisticated aesthetic, suitable for daily commuting.",Winter,Home
b240,"p1145,p1146,p1147,p1148","Avant-Garde Deconstructed: Black suit set layered over a hooded top, featuring diamond textures and contrast accents to emphasize deconstructed design, suitable for trendy street style.",Winter,Travel
b241,"p1149,p1150,p1151,p1152","Commuter Casual: Plaid patchwork jacket layered over a black top, paired with dark brown wide-leg trousers; soft plaid and minimalist silhouette suitable for daily commuting.",Spring,Home
b242,"p1153,p1154,p1155,p1156","Avant-Garde Deconstruction: Distressed denim set layered over a white top, irregular patchwork and metal hardware enhance the deconstructed design, suitable for trendy street style.",Spring,Travel
b243,"p1157,p1158,p1159,p1160","Avant-Garde Deconstruction: Black faux-fur collar jacket layered over a graphic top, paired with black wide-leg trousers, color-blocking and metal hardware enhance the deconstructed look, suitable for trendy street style.",Winter,Sports
b244,"p1161,p1162,p1163,p1164","Avant-Garde Deconstruction: Grey faux-fur collar jacket layered over a graphic top, paired with distressed wide-leg denim jeans, distressed details enhance the deconstructed look, suitable for trendy street style.",Winter,Travel
b245,"p1165,p1166,p1167,p1168","Commuter Casual: Black faux-fur collar jacket layered over a black top, paired with light white wide-leg cargo trousers, soft color palette and relaxed fit suitable for daily commuting.",Winter,Home
b246,"p1169,p1170,p1171,p1172","Avant-Garde Deconstruction: Navy jacket layered over a graphic top, paired with brown wide-leg cargo trousers, glove accessories enhance the deconstructed details, suitable for trendy street style.",Winter,Travel
b247,"p1173,p1174,p1175,p1176","Avant-Garde Deconstruction: Brown jacket layered over a burgundy shirt, paired with distressed wide-leg denim jeans, leather waist bag accessory enhances the deconstructed look, suitable for trendy street style.",Autumn,Home
b248,"p1177,p1178,p1179,p1180","Avant-Garde Deconstruction: Black jacket layered over a graphic top, paired with cow-print wide-leg trousers, faux-fur shoe accessories enhance the deconstructed details, suitable for trendy street style.",Winter,Home
b249,"p1181,p1182,p1183,p1184","Avant-Garde Deconstruction: Black jacket with faux-fur collar, paired with grey wide-leg trousers, headscarf accessory enhances the deconstructed look, suitable for trendy street style.",Winter,Travel
b250,"p1185,p1186,p1187,p1188","Avant-Garde Deconstruction: White jacket with faux-fur collar, paired with distressed wide-leg denim jeans, distressed details enhance the deconstructed look, suitable for trendy street style.",Winter,Home
b251,"p1189,p1190,p1191,p1192","Japanese Cityboy: Black puffer jacket layered over a turtleneck, paired with grey wide-leg casual trousers, relaxed and comfortable, suitable for daily urban leisure.",Winter,Travel
b252,"p1193,p1194,p1195,p1196","Japanese Cityboy: Light grey puffer jacket paired with black wide-leg casual trousers, minimalist and effortless, fits the Cityboy relaxed aesthetic.",Winter,Home
b253,"p1197,p1198,p1199,p1200","Japanese Cityboy: Grey puffer vest layered over a grey sweatshirt, paired with matching wide-leg trousers, minimalist layering, suitable for daily urban wear.",Winter,Travel
b254,"p1201,p1202,p1203,p1204,p1205","Commuter Casual: Light khaki zip-up jacket layered over a black turtleneck, paired with black wide-leg trousers, sharp and appropriate, suitable for daily commuting.",Winter,Home
b255,"p1206,p1207,p1208,p1209","Korean Light Streetwear: Black leather hooded jacket layered over a grey sweatshirt, paired with grey wide-leg casual trousers, cool and minimalist, fits the Korean light streetwear style.",Winter,Travel
b256,"p1210,p1211,p1212,p1213","Outdoor Functional: Off-white faux-fur collar puffer jacket paired with grey wide-leg casual trousers, warm and practical, suitable for outdoor leisure.",Winter,Home
b257,"p1214,p1215,p1216,p1217","American Vintage: Brown suede collared jacket paired with dark blue wide-leg denim jeans, vintage texture, fits the American vintage style.",Autumn,Social
b258,"p1218,p1219,p1220,p1221","Quiet Luxury: Dark brown oversized blazer layered over a black turtleneck, paired with matching wide-leg trousers, understated and refined, suitable for light business occasions.",Winter,Home
b259,"p1222,p1223,p1224,p1225","Japanese Cityboy: Light grey faux-fur collared jacket paired with black wide-leg casual trousers, relaxed and comfortable, fits the Cityboy daily style.",Autumn,School
b260,"p1226,p1227,p1228","Intellectual: Dark brown knit cardigan layered over a turtleneck, paired with grey wide-leg casual trousers, artistic and minimalist, suitable for daily leisure.",Autumn,Home
b261,"p1229,p1230,p1231,p1232,p1233","Japanese Cityboy: Brown corduroy jacket layered over a white T-shirt, paired with white wide-leg trousers, relaxed and minimalist, suitable for daily urban leisure.",Spring,Travel
b262,"p1234,p1235,p1236,p1237,p1238","Korean Light Streetwear: Grey cardigan layered over a blue shirt, paired with black wide-leg trousers, fresh layering, fits the Korean light streetwear daily style.",Autumn,Home
b263,"p1239,p1240,p1241,p1242","Outdoor Functional: Brown fleece-lined jacket paired with matching cargo trousers, practical and warm, suitable for outdoor leisure.",Winter,Travel
b264,"p1243,p1244,p1245,p1246,p1247","Intellectual: Argyle knit cardigan layered over a plaid shirt, paired with black denim jeans, artistic and vintage, suitable for daily leisure.",Autumn,School
b265,"p1248,p1249,p1250","American Vintage: Black and white varsity jacket paired with matching wide-leg trousers, classic and sharp, fits the American vintage style.",Autumn,Social
b266,"p1251,p1252,p1253,p1254","Quiet Luxury: Navy faux-fur collar jacket paired with gradient wide-leg denim jeans, refined texture, suitable for light leisure occasions.",Winter,Home
b267,"p1255,p1256,p1257,p1258","Korean Light Streetwear: Black faux-fur collar hooded jacket paired with black wide-leg denim jeans, cool and minimalist, fits the Korean light streetwear style.",Winter,Travel
b268,"p1259,p1260,p1261,p1262,p1263","Commuter Casual: Black fleece-lined jacket layered over a white knit top, paired with grey wide-leg trousers, appropriate and comfortable, suitable for daily commuting.",Winter,Home
b269,"p1264,p1265,p1266","Avant-Garde Deconstruction: Black slim-fit zip-up knit top paired with gradient wide-leg denim jeans, sharp lines, fits the avant-garde fashion style.",Autumn,School
b270,"p1267,p1268,p1269","Japanese Cityboy: Light grey stand-collar jacket paired with black wide-leg trousers, minimalist and relaxed, suitable for daily urban wear.",Winter,Social
b271,"p1270,p1271,p1272,p1273","Quiet Luxury: Grey double-breasted suit set, oversized fit, minimalist and refined, suitable for light business or daily refined leisure.",Winter,Home
b272,"p1274,p1275,p1276,p1277","Avant-Garde Deconstruction: Brown jacket layered over a white shirt and black tie, paired with black wide-leg trousers, eclectic and personalized, fits the avant-garde fashion positioning.",Autumn,Social
b273,"p1278,p1279,p1280","Intellectual: Light grey V-neck knit top paired with brownish-grey wide-leg trousers, artistic and soft, suitable for daily leisure or light commuting.",Autumn,Home
b274,"p1281,p1282,p1283","Korean Light Streetwear: Blue striped shirt with matching tie, paired with black wide-leg trousers, relaxed yet refined, fits the Korean daily streetwear vibe.",Spring,Social
b275,"p1284,p1285,p1286,p1287","Avant-Garde Deconstruction: Off-white textured jacket layered over a black shirt, paired with black wide-leg trousers, strong design aesthetic, suitable for trendy outfits.",Spring,Travel
b276,"p1288,p1289,p1290,p1291","Japanese Cityboy: Black stand-collar knit top paired with light blue wide-leg denim jeans, relaxed and comfortable, suitable for daily urban leisure.",Autumn,School
b277,"p1292,p1293,p1294,p1295","American Vintage: Red metal-button knit jacket paired with black wide-leg trousers, distinct vintage texture, fits the American vintage style.",Autumn,Social
b278,"p1296,p1297,p1298,p1299","Commuter Casual: Brownish-grey corduroy jacket layered over a turtleneck, paired with black wide-leg trousers, warm and appropriate, suitable for daily commuting.",Winter,Home
b279,"p1300,p1301,p1302,p1303","Japanese Cityboy: Light brown matching set, oversized fit, relaxed and effortless, suitable for daily urban leisure.",Spring,Home
b280,"p1304,p1305,p1306","American Vintage: Black textured hooded sweatshirt paired with brownish-grey corduroy trousers, vintage casual, fits the American daily style.",Autumn,Travel
b281,"p1307,p1308,p1309,p1310","American vintage style: navy jacket layered over off-white knit sweater, paired with black wide-leg trousers, vintage and sharp, suitable for daily casual occasions.",Spring,School
b282,"p1311,p1312,p1313,p1314","Outdoor functional style: brown faux-fur collar down jacket layered over off-white sweater, paired with light brown wide-leg trousers, warm and practical, suitable for outdoor leisure.",Winter,Travel
b283,"p1315,p1316,p1317,p1318","Japanese Cityboy style: light gray puffer jacket layered over plaid shirt, paired with tonal wide-leg trousers, relaxed and comfortable, suitable for urban daily wear.",Winter,Home
b284,"p1319,p1320,p1321,p1322","Intellectual style: light gray knit cardigan layered over white T-shirt, paired with white wide-leg trousers, artistic and minimalist, suitable for daily casual or smart casual.",Autumn,Home
b285,"p1323,p1324,p1325,p1326,p1327","Commuter casual style: light gray down jacket layered over gray knit cardigan, paired with black wide-leg trousers, layered and appropriate, suitable for daily commuting.",Winter,Travel
b286,"p1328,p1329,p1330,p1331","Korean trendy style: black fleece-lined denim jacket layered over white T-shirt, paired with white wide-leg trousers, minimalist and cool, suitable for Korean trendy daily style.",Autumn,Home
b287,"p1332,p1333,p1334,p1335","Quiet luxury style: light gray plush jacket layered over tonal turtleneck, paired with white wide-leg trousers, refined texture, suitable for smart business occasions.",Winter,Home
b288,"p1336,p1337,p1338,p1339","Japanese Cityboy style: black and gray striped knit cardigan layered over white T-shirt, paired with black wide-leg trousers, relaxed and casual, suitable for urban daily wear.",Winter,Travel
b289,"p1340,p1341,p1342,p1343","Korean trendy style: black line-accented hooded set, minimalist and sharp, suitable for Korean trendy daily style.",Autumn,Social
b290,"p1344,p1345,p1346,p1347","Avant-garde deconstructed style: brown hooded set layered over white shirt and tie, paired with matching luggage, eclectic and personalized, suitable for trendy scenes.",Winter,Travel
b291,"p1348,p1349,p1350,p1351,p1352","Quiet luxury style: off-white oversized jacket layered over white T-shirt, paired with brown wide-leg trousers, minimalist and refined, suitable for daily sophisticated casual.",Spring,Social
b292,"p1353,p1354,p1355,p1356","Avant-garde deconstructed style: gray metallic-buckle jacket layered over white shirt and black tie, paired with black wide-leg trousers, eclectic and personalized, suitable for avant-garde fashion.",Autumn,Home
b293,"p1357,p1358,p1359,p1360,p1361","American vintage style: burgundy jacket layered over plaid shirt, paired with brown wide-leg trousers, distinct vintage texture, suitable for daily casual occasions.",Autumn,Travel
b294,"p1362,p1363,p1364,p1365","Intellectual style: gray knit cardigan layered over plaid shirt, paired with light brown wide-leg trousers, artistic and soft, suitable for smart casual or daily leisure.",Autumn,Home
b295,"p1366,p1367,p1368,p1369","Outdoor functional style: brown fleece-lined jacket layered over white T-shirt, paired with tonal wide-leg trousers, warm and practical, suitable for outdoor leisure.",Winter,Home
b296,"p1370,p1371,p1372,p1373,p1374","Japanese Cityboy style: light gray plush jacket layered over white sweater, paired with black wide-leg trousers, relaxed and comfortable, suitable for urban daily wear.",Winter,Travel
b297,"p1375,p1376,p1377,p1378","Korean trendy style: light gray V-neck knit sweater layered over white shirt, paired with light blue wide-leg jeans, minimalist and trendy, suitable for Korean daily style.",Autumn,School
b298,"p1379,p1380,p1381,p1382,p1383","Japanese Cityboy style: light gray tonal set, loose fit, relaxed and casual, suitable for urban daily leisure.",Autumn,Home
b299,"p1384,p1385,p1386","Avant-garde deconstructed style: light gray set layered over striped shirt, paired with black leather shoes, personalized details, suitable for avant-garde fashion.",Spring,School
b300,"p1387,p1388,p1389,p1390","Quiet luxury style: black long coat layered over black turtleneck, paired with tonal wide-leg trousers, understated and refined, suitable for smart business occasions.",Winter,Social
