outfitID,items,look,season,occasion,URL link
b1,"p1,p2,p3",美式休闲运动风：黑卫衣搭配黑束脚裤，简约运动套装，舒适潮酷，适配日常。,春,日常/运动,https://detail.tmall.com/item.htm?abbucket=2&id=961956406032&mi_id=0000yTet0wHdDs6Gd3Am8-a7jdJ07DhM_pjPCN3ZgsbYuoY&ns=1&priceTId=2150431117683987208158127e1993&skuId=6062914754480&spm=a21n57.imgsearch.item.1&utparam=%7B%22aplus_abtest%22%3A%2223efb829bf5e0777ec8f50b3f4f0999f%22%7D&xxc=taobaoSearch
b2,"p4,p5,p6",美式休闲运动风：黑色卫衣印有字样装饰，搭配侧边带线条的运动裤，细节精致，延续休闲运动的随性。,春,日常/运动,https://detail.tmall.com/item.htm?abbucket=2&id=945382378590&mi_id=0000ZoqYbHuVCZlyYdOH4xsv9WhtW_DSCJ8vdaGmZIgAp5I&ns=1&priceTId=2150431117683988178721188e1993&skuId=5850600044966&spm=a21n57.imgsearch.item.1&utparam=%7B%22aplus_abtest%22%3A%22fc0cec824da70d268532ff26112625bf%22%7D&xxc=taobaoSearch
b3,"p7,p8,p9,p10,p11",英伦学院风：卡其色无袖背心叠穿白色长袖，搭配同色系裤子，后背有格纹装饰，色调柔和显文艺。,春,日常,https://detail.tmall.com/item.htm?abbucket=2&id=889015270099&mi_id=00003TRHB8J8jOeufFaxEBUAkcldW9ySnWqGmHH_gBBobTg&ns=1&priceTId=2150431117683988525994558e1993&skuId=5735526265426&spm=a21n57.imgsearch.item.1&utparam=%7B%22aplus_abtest%22%3A%2264d463bed3432c5fd1c3a258c93810be%22%7D&xxc=taobaoSearch
b4,"p12,p13,p14,p15",美式休闲运动风：黑色连帽拉链外套内搭白色短袖，配同系列裤子与帽子，整套造型利落保暖。,春,日常/运动,https://detail.tmall.com/item.htm?abbucket=2&id=854834953057&mi_id=0000wF2yDuOWU5gbQL5QVVQWEbwLjyGEMzOukfqKmD4PBEY&ns=1&priceTId=2150431117683988719116597e1993&skuId=5656249060335&spm=a21n57.imgsearch.item.1&utparam=%7B%22aplus_abtest%22%3A%22a54c83a5c92ef71cc03525ec17b2e3c0%22%7D&xxc=taobaoSearch
b5,"p16,p17,p18,p19,p20",法式小香风：粉色菱格纹马甲叠穿白色短袖，搭配同色百褶裙，风格精致甜美，适配轻正式场合。,春夏,日常/校园,https://detail.tmall.com/item.htm?abbucket=2&benefitReciveParams=%7B%22toast%22%3Atrue%2C%22channel%22%3A%22lafite_pcsousuojx%22%2C%22asac%22%3A%223A258115YHMBX70LR8BMZD%22%2C%22strategyCode%22%3A%22cf99038e5ad44072877c2d331145e0b4%22%2C%22selectedBenefitCode%22%3A%223f269a874b2f4b28a5758840728ea52b%2Ce7f9a72695b14f42b720e12207339b38%2C4197878247924afeb9f32be0b7fb6505%22%7D&id=888770719476&mi_id=0000QkJH8YkfNffkc36qyww4Bz2FmkGILTyYdcwLRGW9xZY&ns=1&priceTId=214784c417686397450427677e10e2&skuId=5966888562717&spm=a21n57.imgsearch.item.12&utparam=%7B%22aplus_abtest%22%3A%22bdf7de2ba3f94e0e11f46cfaffb52402%22%7D&xxc=taobaoSearch
b6,"p21,p22,p23",国潮街头运动风：浅灰色满印装饰马甲叠穿白色长袖，搭配棕褐色裤子，造型有个性且舒适。,春,日常/运动,https://detail.tmall.com/item.htm?abbucket=2&id=953449306173&mi_id=0000yyHCJQhc7rowW8q9zYU_X-3bra2mxe71ojKPj7ak9CA&ns=1&priceTId=2150431117683991431251060e1993&skuId=6041718123485&spm=a21n57.imgsearch.item.1&utparam=%7B%22aplus_abtest%22%3A%228a40a0dc13d6def912a7f53ef08e8fcc%22%7D&xxc=taobaoSearch
b7,"p24,p25,p26",国潮街头运动风：白棕撞色短袖搭配卡其色短裤，设计有活力，适合夏季日常出行。,夏,日常/出行,https://detail.tmall.com/item.htm?abbucket=2&id=891579948972&mi_id=0000FVq54W9DzP4dOtEeFtw9kWIYtwVIMQsdE9d3evfJrYU&ns=1&priceTId=2150431117683991800014148e1993&skuId=5801698105220&spm=a21n57.imgsearch.item.1&utparam=%7B%22aplus_abtest%22%3A%225ce48408bfec533d001b1f2494e55cd7%22%7D&xxc=taobaoSearch
b8,"p27,p28,p29",美式休闲运动风：浅灰色短袖配深灰色短裤，配色清爽，是夏季休闲的简约选择。,夏,日常/运动,https://detail.tmall.com/item.htm?abbucket=2&id=916655979987&mi_id=0000SE1pO9wXKGsdNdOOJmbq8GWPzRM1Nv1lmj1_EmRJRfU&ns=1&priceTId=2150431117683991997176081e1993&skuId=5786700897410&spm=a21n57.imgsearch.item.1&utparam=%7B%22aplus_abtest%22%3A%220f914496ec01739b97c4725b61006662%22%7D&xxc=taobaoSearch
b9,"p30,p31,p32,p33",童趣软萌风：米白色短袖搭配满印装饰短裤，配色柔和图案可爱，契合孩童气质。,夏,日常/校园,https://detail.tmall.com/item.htm?abbucket=2&id=891578112017&mi_id=0000zh2CHsHx4ZbaddPB-iR759SzPgAsNBFBuAR8R4MTDqY&ns=1&priceTId=2150431117683992202878120e1993&skuId=5736256024780&spm=a21n57.imgsearch.item.1&utparam=%7B%22aplus_abtest%22%3A%22930cb1066202168efc5ba1b0cb91ea0d%22%7D&xxc=taobaoSearch
b10,"p34,p35,p36",美式休闲运动风：黑色卫衣搭配同色裤子，卫衣下摆露出白边增加层次，风格随性潮酷。,春,日常/运动,https://detail.tmall.com/item.htm?abbucket=2&id=868611150636&mi_id=0000qatVEtlFIvJN1No7o6DgRhbKIPTErVKGKAf6RG89wGI&ns=1&priceTId=2150431117683992406061879e1993&skuId=5865575867400&spm=a21n57.imgsearch.item.1&utparam=%7B%22aplus_abtest%22%3A%223a688184abd09d8ef322c000ed110aaf%22%7D&xxc=taobaoSearch
b11,"p37,p38,p39",国潮街头运动风：浅色系短袖配深色短裤，装饰元素呼应，简约清爽，适配夏季街头休闲。,夏,日常/出行,https://detail.tmall.com/item.htm?abbucket=2&id=917967488373&mi_id=0000PYFdp_E2Ttzd8jIk0hTVMRYmJ-geVc3LstLKk_5TncU&ns=1&priceTId=2150431117683993940611209e1993&skuId=5784904636957&spm=a21n57.imgsearch.item.1&utparam=%7B%22aplus_abtest%22%3A%223478f7f3e16ff2db232cd16d88ca9aa3%22%7D&xxc=taobaoSearch
b12,"p40,p41,p42",美式休闲运动风：浅白短袖配浅紫短裤，色调柔和清新，搭遮阳帽，休闲舒适，适合夏日户外。,春夏,日常/校园,https://detail.tmall.com/item.htm?abbucket=2&id=917967488373&mi_id=0000PYFdp_E2Ttzd8jIk0hTVMRYmJ-geVc3LstLKk_5TncU&ns=1&priceTId=2150431117683993940611209e1993&skuId=5784904636957&spm=a21n57.imgsearch.item.1&utparam=%7B%22aplus_abtest%22%3A%223478f7f3e16ff2db232cd16d88ca9aa3%22%7D&xxc=taobaoSearch
b13,"p43,p44,p45,p46,p47",童趣软萌风：灰色卫衣印围巾装饰，配多层百褶裙与长筒袜，造型可爱软萌，细节呼应显精致。,春,日常/运动,https://detail.tmall.com/item.htm?abbucket=2&id=995501413449&mi_id=0000Kwa4aNWyFIMgF1Wz77zF_VMdvp-JThB5szVLJXtvuNM&ns=1&priceTId=2150431117683994245804301e1993&skuId=6149855342336&spm=a21n57.imgsearch.item.1&utparam=%7B%22aplus_abtest%22%3A%22d94e434d33ffe1d8a3866326cda8c63a%22%7D&xxc=taobaoSearch
b14,"p48,p49,p50,p51",英伦学院风：皮质外套叠穿条纹衬衫，配阔腿长裤与贝雷帽，复古文艺，适配日常学院风场景。,春,日常,https://detail.tmall.com/item.htm?abbucket=2&id=817038794337&mi_id=0000-hegeR93pKki3KYSwJTQaPML0g9X2aETjZlnE_ZgyHI&ns=1&priceTId=2150431117683994488946310e1993&skuId=6021724379265&spm=a21n57.imgsearch.item.1&utparam=%7B%22aplus_abtest%22%3A%2234a9b5e7af4eb2812cc0be9e5ab4b2f4%22%7D&xxc=taobaoSearch
b15,"p52,p53,p54,p55",海岛度假风：渐变蓝羽绒服配棕色裤装，搭堆堆长袜，色调清新柔和，宽松版型显休闲松弛感。,春,日常/运动,https://detail.tmall.com/item.htm?abbucket=2&id=995481289727&mi_id=0000GpL4OJbweQ1ssvAmYyzBW0g_NTM9AAJXhFQf3gChh8g&ns=1&priceTId=2150431117683994655977740e1993&skuId=6139275798178&spm=a21n57.imgsearch.item.1&utparam=%7B%22aplus_abtest%22%3A%22cc3ecf76f8c2028e6508242e8a222ce7%22%7D&xxc=taobaoSearch
b16,"p56,p57,p58",复古节日风：爱心图案毛衣配深色阔腿裤，温暖色调加复古花纹，兼具节日氛围与日常休闲感。,春,日常,https://detail.tmall.com/item.htm?abbucket=2&id=978351838967&mi_id=0000I0bzkTHH-BxbX6okiziz01kQAY0xaA-uXgXgoJ0AQhU&ns=1&priceTId=2150431117683995267284880e1993&skuId=6099956314596&spm=a21n57.imgsearch.item.1&utparam=%7B%22aplus_abtest%22%3A%226ce790d1fc8c9757d3dd809488648751%22%7D&xxc=taobaoSearch
b17,"p59,p60,p61,p62",童趣软萌风：浅蓝条纹毛衣印猫咪装饰，配深色阔腿裤，图案可爱、色调柔和，契合孩童气质。,春,日常,https://detail.tmall.com/item.htm?abbucket=2&id=961161429199&mi_id=0000438x6QHS9e7bw4ecgLa-RelJAaIR9GXNv0QmGED2aJg&ns=1&priceTId=2150431117683995442476366e1993&skuId=6070646522161&spm=a21n57.imgsearch.item.1&utparam=%7B%22aplus_abtest%22%3A%225c1918bec18385643b4f51a333a8c014%22%7D&xxc=taobaoSearch
b18,"p63,p64,p65,p66,p67",法式小香风：牛仔套装配皮质装饰，加精致手提包，优雅简约，是轻法式的日常精致造型。,春,日常/社交,https://detail.tmall.com/item.htm?abbucket=2&id=839129998943&mi_id=0000TxFsOtzMSJLl4hPUDcDcQwOClOiNGMdvpYLkDUJE-UI&ns=1&priceTId=2150431117683995593907541e1993&skuId=5603825829905&spm=a21n57.imgsearch.item.1&utparam=%7B%22aplus_abtest%22%3A%229bcc3db86c8a6fa31a0aa96e072bd1aa%22%7D&xxc=taobaoSearch
b19,"p68,p69,p70",复古节日风：红色背心裙叠穿长袖内搭，装饰蝴蝶结元素，红色调显节日氛围，风格甜美精致。,春夏,日常/校园,https://detail.tmall.com/item.htm?abbucket=2&id=832740442235&mi_id=0000paynGNIiueC3CR8w9ZSI8uXiucQt-xmmVMyQa83AhMg&ns=1&priceTId=2150431117683995732358801e1993&skuId=5747625887222&spm=a21n57.imgsearch.item.1&utparam=%7B%22aplus_abtest%22%3A%2281ba152626a31ab1ddca13958b7a8f11%22%7D&xxc=taobaoSearch
b20,"p71,p72,p73",童趣软萌风：灰色短袖印苹果装饰，配浅色阔腿裤，下摆褶皱设计显可爱，整体轻松活泼。,夏,日常/出行,https://detail.tmall.com/item.htm?abbucket=2&id=891936924831&mi_id=0000OZEGJQO4cmQEbIpAeToCDRtOa9fVkvLSXbAU3_Z_Qzo&ns=1&priceTId=2150431117683995880472211e1993&skuId=6020636794647&spm=a21n57.imgsearch.item.1&utparam=%7B%22aplus_abtest%22%3A%226f3afd7b25bed9901f3f9306a6cad754%22%7D&xxc=taobaoSearch
b21,"p74,p75,p76,p77",英伦学院风：藏青菱格纹连衣裙配珍珠领与格纹袜，精致学院感，适配轻正式日常。,春,校园/社交,https://detail.tmall.com/item.htm?abbucket=2&id=961245925808&mi_id=00000JwJ8Poo4JP9gMeoEnFKTn4uPr41AtbBUkmAv6iEQgk&ns=1&priceTId=2150431117683996045223725e1993&skuId=6059448507402&spm=a21n57.imgsearch.item.1&utparam=%7B%22aplus_abtest%22%3A%22cc796acf094ac45ee2980b0f2813ae2e%22%7D&xxc=taobaoSearch
b22,"p78,p79,p80,p81,p82",童趣软萌风：灰毛衣印卡通星星装饰，搭同元素阔腿裤与贝雷帽，可爱又有造型感。,春,日常,https://detail.tmall.com/item.htm?abbucket=2&id=984923557692&mi_id=0000QVmbi1TBbLs3lip8pAqKzMSJux28gaz-LMxM3tWXTOk&ns=1&priceTId=2150431117683996304096228e1993&skuId=6112430455791&spm=a21n57.imgsearch.item.2&utparam=%7B%22aplus_abtest%22%3A%22bc01a8406c5089359a4cbf39985bdc54%22%7D&xxc=taobaoSearch
b23,"p83,p84,p85,p86,p87",美式休闲运动风：米白套装印小熊装饰，配红鞋与手提包，柔和色调显休闲甜美。,春,日常/社交,https://detail.tmall.com/item.htm?abbucket=2&id=836988448798&mi_id=0000ctUOZQsyLFBwMeFmCQlsULRaei2Vg8bdrSohmwnBpeE&ns=1&priceTId=2150431117683996479977878e1993&skuId=5595572409922&spm=a21n57.imgsearch.item.1&utparam=%7B%22aplus_abtest%22%3A%229f6c2d3f6af5222081dc7eec7c80551c%22%7D&xxc=taobaoSearch
b24,"p88,p89,p90,p91",国潮街头运动风：藏青连帽套装加不规则裙摆设计，简约中带个性，适配日常出街。,春,日常,https://detail.tmall.com/item.htm?abbucket=2&id=954275499046&mi_id=0000znjWMLqYFCitCCCy1dbZXoXQZj892aHxofrIGPL1dGw&ns=1&priceTId=2150431117683996673112108e1993&skuId=6044381050797&spm=a21n57.imgsearch.item.2&utparam=%7B%22aplus_abtest%22%3A%221dbe151bcf38a868139b59d5837e3d24%22%7D&xxc=taobaoSearch
b25,"p92,p93,p94,p95",童趣软萌风：米白毛衣印小熊装饰，搭卡其阔腿裤，柔和清新，契合孩童气质。,春,日常/运动,https://detail.tmall.com/item.htm?abbucket=2&id=832435991671&mi_id=0000bkrfseYinwhzT-QnVQhga8KCKy1Z-xy66l1fJMLfx9M&ns=1&priceTId=2150431117683996826013312e1993&skuId=5819727498708&spm=a21n57.imgsearch.item.3&utparam=%7B%22aplus_abtest%22%3A%22009db029347fa0446c62de313fac654e%22%7D&xxc=taobaoSearch
b26,"p96,p97,p98,p99",复古节日风：红色连帽外套配浅蓝阔腿裤，装饰卡通元素，红调显节日氛围。,夏,日常/出行,https://detail.tmall.com/item.htm?abbucket=2&id=978376358431&mi_id=0000oOGIPGsO-JHBRIaMDKacvd_8wIZWB92J_8IeL18ivWQ&ns=1&priceTId=2150431117683997307687319e1993&skuId=5935289217886&spm=a21n57.imgsearch.item.1&utparam=%7B%22aplus_abtest%22%3A%22073f298173c6e803ab042b406a3e93d7%22%7D&xxc=taobaoSearch
b27,"p100,p101,p102,p103,p104",法式小香风：米白开衫叠穿白T配灰百褶裙，袖口玫瑰装饰显精致，适配轻优雅场合。,春,日常/社交,https://detail.tmall.com/item.htm?abbucket=2&id=843504334560&mi_id=0000_VMupyz_tiYu-KoalfZYiswG3SDZC7ys7NGN-MrktxI&ns=1&priceTId=2150431117683997495678965e1993&skuId=5787086718513&spm=a21n57.imgsearch.item.1&utparam=%7B%22aplus_abtest%22%3A%22efb5397fcb62bed0d79d7683610b7c7c%22%7D&xxc=taobaoSearch
b28,"p105,p106,p107,p108",英伦学院风：米白卫衣印卡通装饰，搭格纹百褶裙与棕靴，复古学院感拉满。,春,日常/运动,https://detail.tmall.com/item.htm?abbucket=2&id=836053427682&mi_id=0000Djc5WWj8_AvhdCpXIe4Q7xy7Vv9Ex0U3i4347osou2s&ns=1&priceTId=2150431117683997748303404e1993&skuId=5762362219016&spm=a21n57.imgsearch.item.3&utparam=%7B%22aplus_abtest%22%3A%2280fdd96d5108e990119d8fdbbffcb258%22%7D&xxc=taobaoSearch
b29,"p109,p110,p111",复古节日风：红毛衣印爱心白鸽装饰，搭藏青阔腿裤，红藏配色显温暖节日感。,春,日常/校园,https://detail.tmall.com/item.htm?abbucket=2&id=836727152735&mi_id=0000rjsBuSnePAamJJHqctE6omUWn0ouSivAusj6tOvU2gw&ns=1&priceTId=2150431117683998333481087e1993&skuId=5592204980640&spm=a21n57.imgsearch.item.3&utparam=%7B%22aplus_abtest%22%3A%22be08057ac1252b062659ae3da36362f2%22%7D&xxc=taobaoSearch
b30,"p112,p113,p114,p115,p116",童趣软萌风：白短袖印笑脸装饰，配黑短裤与花边袜，活泼可爱，适配夏日休闲。,夏,日常/出行,https://detail.tmall.com/item.htm?abbucket=2&id=907437000912&mi_id=0000vc9GgrpcWL5A4JyDTIB7HJ-6PJIvasKBbmVvq7FdH6I&ns=1&priceTId=2147800b17684002760227292e1057&skuId=6175061578539&spm=a21n57.imgsearch.item.1&utparam=%7B%22aplus_abtest%22%3A%22026f21943e0ab05acde33802dd5d271d%22%7D&xxc=taobaoSearch
b31,"p117,p118,p119,p120",童趣软萌风：蓝白拼接毛衣印小鹿装饰，搭红围巾与黑阔腿裤，色彩明快可爱，适配日常休闲。,冬,日常/出行,https://detail.tmall.com/item.htm?abbucket=2&id=984940037975&mi_id=0000FDjzYGWZg0louvweVbx62K-zEXUeuh5TxEbMEXqPx6c&ns=1&priceTId=2147800b17684003434804878e1057&skuId=6112422815787&spm=a21n57.imgsearch.item.1&utparam=%7B%22aplus_abtest%22%3A%2205c89298a0331d4691cd059d9d18e7d6%22%7D&xxc=taobaoSearch
b32,"p121,p122,p123,p124,p125",国潮街头运动风：藏青开衫缀卡通装饰，搭灰阔腿裤与毛绒帽，个性又舒适，适合出街造型。,春,日常,https://detail.tmall.com/item.htm?abbucket=2&id=983679143610&mi_id=0000x5t_vnsl33jNYUYaF2qoVBRGbLUAEwPZcaNJ7fMxbRw&ns=1&priceTId=2147800b17684004353644321e1057&skuId=6111635078444&spm=a21n57.imgsearch.item.1&utparam=%7B%22aplus_abtest%22%3A%22e7e4831dad715e0095885e098ede0eb2%22%7D&xxc=taobaoSearch
b33,"p126,p127,p128,p129,p130",英伦学院风：米白毛衣印花朵装饰，搭棕百褶裙与中筒袜，复古学院感，适配轻正式场合。,春,日常/社交,https://detail.tmall.com/item.htm?abbucket=2&id=836957808425&mi_id=0000bZY9PR2k_nNKbvPzhw8wjAVZHfl1r5Xm-oiXIae9K9I&ns=1&priceTId=2150430817684006499023566e131c&skuId=5868216919609&spm=a21n57.imgsearch.item.2&utparam=%7B%22aplus_abtest%22%3A%228e8e24b451a2a4a7eba3dbee444617ca%22%7D&xxc=taobaoSearch
b34,"p131,p132,p133,p134,p135",美式休闲运动风：条纹背心叠穿白T，搭牛仔中裤与花边袜，清爽随性，适合夏日日常。,夏,日常/出行,https://detail.tmall.com/item.htm?abbucket=2&id=902503343624&mi_id=0000I2GJrIeldJl55fxtxb42y11HguSGrnjF-Cd5YRPQcwM&ns=1&priceTId=2150430817684006665835372e131c&skuId=5762303277218&spm=a21n57.imgsearch.item.1&utparam=%7B%22aplus_abtest%22%3A%22cb8d873d3e3c4b893e1371a1c1c88860%22%7D&xxc=taobaoSearch
b35,"p136,p137,p138,p139",海岛度假风：藏青星座印花套装，搭编织包与凉鞋，松弛清新，适配度假场景。,夏,日常/社交,https://detail.tmall.com/item.htm?abbucket=2&id=903318445409&mi_id=0000odb6Jk41oy336x5a7T4d0LbS1DdV4Dt2EPywZYSLCjM&ns=1&priceTId=2150430817684006848647158e131c&skuId=6004516124673&spm=a21n57.imgsearch.item.1&utparam=%7B%22aplus_abtest%22%3A%2280963ebf1bd67996a93152e64d1d387f%22%7D&xxc=taobaoSearch
b36,"p140,p141,p142,p143",童趣软萌风：藏青套装印花朵笑脸装饰，搭粉围巾，色彩活泼可爱，契合孩童气质。,冬,日常/出行,https://detail.tmall.com/item.htm?abbucket=2&id=828721802312&mi_id=0000chsvOlUNK9Yk8IFvSjNFnIW4NCEihWjHWJHTyvcD6G0&ns=1&priceTId=2150430817684006989848497e131c&skuId=5593403825059&spm=a21n57.imgsearch.item.1&utparam=%7B%22aplus_abtest%22%3A%22583f07c3df9f942c0fa0a78c755f1b31%22%7D&xxc=taobaoSearch
b37,"p144,p145,p146,p147",美式休闲运动风：灰色套装缀精致装饰，搭白T与手提包，简约精致，适配日常出街。,春,日常,https://detail.tmall.com/item.htm?abbucket=2&id=961813148257&mi_id=0000SdIZ3AqPCbslQ5muZtsZzyGb7rAPBJeJg19whlu2orc&ns=1&priceTId=2150430817684007183422580e131c&skuId=6059418139948&spm=a21n57.imgsearch.item.1&utparam=%7B%22aplus_abtest%22%3A%22d3e8e67b1a244b462ed00b2fa83aeb68%22%7D&xxc=taobaoSearch
b38,"p148,p149,p150,p151",法式小香风：白背心叠穿条纹衫，搭黑短裤与皮鞋，优雅精致，适合轻正式场合。,夏,日常/校园,https://detail.tmall.com/item.htm?abbucket=2&id=869474413214&mi_id=0000gnUJ5yPjUaPtmVH8XUVmxU7E4-sopUM_Q_x6QrMsOHs&ns=1&priceTId=2150430817684007361804161e131c&skuId=5697653112866&spm=a21n57.imgsearch.item.1&utparam=%7B%22aplus_abtest%22%3A%2212a97d2c030329f1b9a4f3e9bd483aa4%22%7D&xxc=taobaoSearch
b39,"p152,p153,p154,p155,p156,p157",甜酷机车风：黑皮衣叠穿红毛衣，搭灰百褶裙，甜酷混搭，个性又时尚。,春,日常/社交,https://detail.tmall.com/item.htm?abbucket=2&id=960582518430&mi_id=0000Zo-2-nGod3rd8ViNjMgP0LTztDDgpHLvEP9D29s67Ks&ns=1&priceTId=2150430817684007498305442e131c&skuId=6072103114413&spm=a21n57.imgsearch.item.1&utparam=%7B%22aplus_abtest%22%3A%222ecf97eab5627eca263486c84c546f30%22%7D&xxc=taobaoSearch
b40,"p158,p159,p160",法式小香风：粉白毛衣印爱心装饰，搭粉长裙，柔和精致，适配温柔系日常。,春夏,日常/校园,https://detail.tmall.com/item.htm?abbucket=2&id=837061280442&mi_id=0000eZeBX8igojqmla-EWs_f61XS_hv89vmhSxZ9BhrQWhE&ns=1&priceTId=213e090217684011927987334e1354&skuId=5593344264092&spm=a21n57.imgsearch.item.1&utparam=%7B%22aplus_abtest%22%3A%22e7729ef236a1d9f10edf5ab2bf2042d6%22%7D&xxc=taobaoSearch
b41,"p161,p162,p163",法式小香风：米白菱格纹开衫配黑格百褶裙，精致优雅，适配轻正式日常场合。,春,校园/社交,https://detail.tmall.com/item.htm?abbucket=2&id=862059919881&mi_id=0000wQXm2rWhC_kCzI-lcPGOjCxX1-rQWD6uq7ENK2Kixx4&ns=1&priceTId=213e090217684013428762093e1354&skuId=5710274652067&spm=a21n57.imgsearch.item.1&utparam=%7B%22aplus_abtest%22%3A%22a3b62861d0ed0038ef6b4331d1877a2f%22%7D&xxc=taobaoSearch
b42,"p164,p165,p166,p167",法式小香风：米白印花套装搭撞色袜，温柔精致，契合甜美女童风格。,春,日常,https://detail.tmall.com/item.htm?abbucket=2&id=966049648257&mi_id=0000lz5T_ss6JkaQ4xnTX4G64f4PxTfM3nrI7NJYI9QXL3A&ns=1&priceTId=213e090217684013835194942e1354&spm=a21n57.imgsearch.item.2&utparam=%7B%22aplus_abtest%22%3A%22c5dd33db13ea3a293925baaa72f272b3%22%7D&xxc=taobaoSearch&skuId=5906139052337
b43,"p168,p169,p170,p171",英伦学院风：藏青菱格毛衣配同色百褶裙，搭贝雷帽与皮靴，复古学院感拉满。,春,日常/社交,https://detail.tmall.com/item.htm?abbucket=2&id=862970080835&mi_id=0000o2V7pnLstha1DwoehZh0rkRfG36CJobPK9FXVHi1q04&ns=1&priceTId=213e090217684014226587677e1354&skuId=5851393995207&spm=a21n57.imgsearch.item.3&utparam=%7B%22aplus_abtest%22%3A%221ea5bdd73917d5c73706964cca5f86f3%22%7D&xxc=taobaoSearch
b44,"p172,p173,p174,p175",英伦学院风：粉灰菱格背心叠穿白长袖，配灰百褶裙，色调柔和显文艺气质。,春,日常/运动,https://detail.tmall.com/item.htm?abbucket=2&id=961755269101&mi_id=0000jPoR1CUdIsuNrwIHuBaXdk1cW8WLagXzUKCW2GMDNfE&ns=1&priceTId=213e090217684014405541035e1354&skuId=6060521482326&spm=a21n57.imgsearch.item.2&utparam=%7B%22aplus_abtest%22%3A%22e0f2a325e7bba253cb080a9f692d4046%22%7D&xxc=taobaoSearch
b45,"p176,p177,p178,p179",复古节日风：红底花纹毛衣配红百褶裙，红调与复古花纹，节日氛围浓厚。,春夏,日常/社交,https://detail.tmall.com/item.htm?abbucket=2&id=862819884667&mi_id=00008jRkg10xMTsmfuD50eRRLun_yqBvyZ7JpTFNSfD-RbY&ns=1&priceTId=213e090217684014569682225e1354&skuId=5683670797700&spm=a21n57.imgsearch.item.1&utparam=%7B%22aplus_abtest%22%3A%2216f6767b7de21fac1573b5e595554177%22%7D&xxc=taobaoSearch
b46,"p180,p181,p182,p183,p184",美式休闲运动风：藏青棒球服搭菱格短裤，学院与运动风结合，舒适又有造型感。,春,校园/社交,https://detail.tmall.com/item.htm?abbucket=2&id=969163238631&mi_id=0000HRKj1NZxbVlrX_x2VM_hZrgGcxEeAC3_nPpcPmS7xHw&ns=1&priceTId=213e090217684014715503074e1354&skuId=6084334775978&spm=a21n57.imgsearch.item.1&utparam=%7B%22aplus_abtest%22%3A%22628ab049ebe38a238953aac8de5f4421%22%7D&xxc=taobaoSearch
b47,"p185,p186,p187,p188,p189",童趣软萌风：浅蓝套装印卡通装饰，搭银鞋与灰袜，可爱活泼，适配孩童日常。,春夏,日常/运动,https://detail.tmall.com/item.htm?abbucket=2&id=832536391322&mi_id=0000v8wFrMaXVS8_OvD3PiXf1o-gh2uDZW2x4qUuVK-iKY8&ns=1&priceTId=213e090217684014874374110e1354&skuId=5577202504026&spm=a21n57.imgsearch.item.2&utparam=%7B%22aplus_abtest%22%3A%2293c31b46e0a08fa0d5162dc5ef7772af%22%7D&xxc=taobaoSearch
b48,"p190,p191,p192,p193,p194,p195",甜酷机车风：米白羊羔毛外套叠穿印花毛衣，搭红裙与雪地靴，甜酷混搭显个性。,冬,日常/出行,https://detail.tmall.com/item.htm?abbucket=2&id=978356090981&mi_id=0000NMU5WTnb4-oS9aZQAy-TeQb3wJVv4NmWXY3phb3ou1w&ns=1&priceTId=213e090217684015212886329e1354&skuId=5935241625494&spm=a21n57.imgsearch.item.1&utparam=%7B%22aplus_abtest%22%3A%22ed97ba0a57115654909648989f5d3073%22%7D&xxc=taobaoSearch
b49,"p196,p197,p198,p199,p200,p201",英伦学院风：蓝白格纹套装叠穿条纹衫，搭皮鞋，清新学院感，适配日常上学。,春,校园/社交,https://detail.tmall.com/item.htm?abbucket=2&id=819173739496&mi_id=0000mz9-fl3VtyVJhAxpWu9q2LZ6HUNyhPoXfpaAr42ODBU&ns=1&priceTId=213e090217684015332637259e1354&skuId=5702538303848&spm=a21n57.imgsearch.item.1&utparam=%7B%22aplus_abtest%22%3A%223498b523f81c4c3c84475624d28bf1ba%22%7D&xxc=taobaoSearch
b50,"p202,p203,p204,p205",童趣软萌风：浅蓝条纹开衫叠穿卡通T恤，搭黑长裙，可爱与优雅兼顾，适配休闲出街。,春,日常,https://detail.tmall.com/item.htm?abbucket=2&id=960505626024&mi_id=0000S96JpJdWKCMAUpeHzBu5DQKah32JvPWjd9mJKVsj90s&ns=1&priceTId=213e090217684015521248623e1354&skuId=5893410853975&spm=a21n57.imgsearch.item.1&utparam=%7B%22aplus_abtest%22%3A%22259b1bec52a33478dd0fd9e963dc4ef4%22%7D&xxc=taobaoSearch
b51,"p206,p207,p208",英伦学院风：条纹背心叠穿连帽衫，搭配格纹阔腿裤，复古格纹与叠穿设计营造文艺感，适配日常休闲场景。,夏,日常/出行,https://detail.tmall.com/item.htm?abbucket=2&id=960004767720&mi_id=0000Gytds3O_qXaJEcFCYEK4yb-FJOMn8XJiuQaHqIzE9ZQ&ns=1&priceTId=213e090217684015734942225e1354&skuId=5893375177362&spm=a21n57.imgsearch.item.1&utparam=%7B%22aplus_abtest%22%3A%22f3c1d686640da7aa095b636856d87a0d%22%7D&xxc=taobaoSearch
b52,"p209,p210,p211,p212,p213,p214",法式小香风：黑外套叠穿樱桃T恤，搭配蓝牛仔裤与红贝雷帽，甜酷混搭凸显精致，适配轻正式场合。,春,日常/社交,https://detail.tmall.com/item.htm?abbucket=2&id=819312294873&mi_id=0000ppkRC3Rxl04Xe07l0kvYWPCnsog3sXsnOq8Q2atGqy8&ns=1&priceTId=213e090217684015866203173e1354&skuId=5976611965240&spm=a21n57.imgsearch.item.1&utparam=%7B%22aplus_abtest%22%3A%220075ba455ad27f330f9d5504718a509d%22%7D&xxc=taobaoSearch
b53,"p215,p216,p217,p218,p219",复古节日风：红灰撞色毛衣搭配同系列短裙，爱心装饰与红调结合，节日氛围浓厚且风格可爱。,春,日常/运动,https://detail.tmall.com/item.htm?abbucket=2&id=836354607030&mi_id=00009axzLY7a2Q2Leg1GK4ZDfgIGSEXrJ6BPa1wJVSkGfnM&ns=1&priceTId=213e090217684016662311759e1354&skuId=5761541686518&spm=a21n57.imgsearch.item.1&utparam=%7B%22aplus_abtest%22%3A%22707be87c202023d9627e62b81ca6199f%22%7D&xxc=taobaoSearch
b54,"p220,p221,p222,p223,p224",童趣软萌风：红背心叠穿白衬衫，搭配格纹长裙，卡通装饰与蓬裙设计展现软萌气质，适配孩童出街。,夏,日常/校园,https://detail.tmall.com/item.htm?abbucket=2&id=955995940054&mi_id=0000cpe-DOKTamVIZRgEFaryuqsycP76tgb3ruYAl7Er9jE&ns=1&priceTId=213e090217684016825703008e1354&skuId=6045102950030&spm=a21n57.imgsearch.item.1&utparam=%7B%22aplus_abtest%22%3A%221ca4b9a68e7dd8572db913062cf84e03%22%7D&xxc=taobaoSearch
b55,"p225,p226,p227,p228,p229",海岛度假风：浅蓝连帽衫搭配白色蛋糕裙，清爽色调与层叠裙摆营造松弛感，适配休闲度假场景。,春,日常,https://detail.tmall.com/item.htm?abbucket=2&id=885869859900&mi_id=0000rH-4o_aJGEgZFDurfJW8Ab6usuMVzU_IBF_79LB9FlQ&ns=1&priceTId=213e090217684016947653981e1354&skuId=5903611103855&spm=a21n57.imgsearch.item.1&utparam=%7B%22aplus_abtest%22%3A%22a6266d000bd7e5c629e949df7cff7c72%22%7D&xxc=taobaoSearch
b56,"p230,p231,p232",法式小香风：粉色套装搭配凉鞋，浅粉调与蕾丝细节凸显温柔精致，适配夏日轻优雅场景。,冬,日常/出行,https://detail.tmall.com/item.htm?abbucket=2&id=901594919576&mi_id=0000jxSRZNmPXEEr-ApXuQue4u0HYexvFUP7GRgsmdP2Yds&ns=1&priceTId=213e08fd17684034178703909e11da&skuId=6170745359067&spm=a21n57.imgsearch.item.1&utparam=%7B%22aplus_abtest%22%3A%228a3a6b64dab22757ebee1835ce1e3135%22%7D&xxc=taobaoSearch
b57,"p233,p234,p235,p236",美式休闲运动风：灰色运动套装搭配棕鞋与棒球帽，造型简约舒适，适配日常运动或出街。,春夏,日常/社交,https://detail.tmall.com/item.htm?abbucket=2&id=990950310340&mi_id=0000-BvrZh_WgJjWeos2OUVbV3p9JfAbS_VsF3uDD3G8RnU&ns=1&priceTId=213e08fd17684034404935506e11da&skuId=5962828737124&spm=a21n57.imgsearch.item.2&utparam=%7B%22aplus_abtest%22%3A%2228a957f4ea05016f0616dff9f6dd3cdf%22%7D&xxc=taobaoSearch
b58,"p237,p238,p239",童趣软萌风：浅蓝卡通开衫搭配牛仔阔腿裤，猫咪装饰与柔和色调凸显可爱活泼，契合孩童气质。,春,日常,https://detail.tmall.com/item.htm?abbucket=2&id=973214072275&mi_id=0000H7RVst3QtOcpwVJYKM6Okt9yrn1PSpDhgwFgU0M0478&ns=1&priceTId=213e08fd17684034621877121e11da&skuId=6088673782557&spm=a21n57.imgsearch.item.1&utparam=%7B%22aplus_abtest%22%3A%22ae8acac7f521e12febf1ac3190eb2615%22%7D&xxc=taobaoSearch
b59,"p240,p241,p242,p243,p244,p245",英伦学院风：格纹外套搭配棕短裙与堆堆袜，毛领装饰与格纹元素强化复古学院感，适配日常场景。,夏,日常/出行,https://detail.tmall.com/item.htm?abbucket=2&id=982148676655&mi_id=0000LPOz6z3agvYVNFSR4D6slNqvFCWIfU-pIIEJmBUXsyw&ns=1&priceTId=213e08fd17684034766298282e11da&skuId=6104759650439&spm=a21n57.imgsearch.item.1&utparam=%7B%22aplus_abtest%22%3A%22097efc7c1ad6116c15b1a0417805d58c%22%7D&xxc=taobaoSearch
b60,"p246,p247,p248,p249,p250,p251,p252",复古节日风：米白毛衣印兔子装饰，搭配黑短裙与红袜，红调与毛绒元素结合，兼顾节日感与软萌风格。,春,日常/运动,https://detail.tmall.com/item.htm?abbucket=2&id=843489010911&mi_id=0000dwcVWRorie75ETzXDdb9QDEB0SeWNfSuwAa5WdHWyU8&ns=1&priceTId=213e08fd17684034919491392e11da&skuId=5621223133067&spm=a21n57.imgsearch.item.1&utparam=%7B%22aplus_abtest%22%3A%2262b4597bec0d9bfd5036c1e87c183cab%22%7D&xxc=taobaoSearch
b61,"p253,p254,p255,p256,p257,p258",甜酷机车风：黑外套印星星装饰，搭配粉袜与黑靴，甜酷配色结合精致装饰，适配个性出街场景。,春,日常/校园,https://detail.tmall.com/item.htm?abbucket=2&id=820878730415&mi_id=0000zaGELYFrXzfyKFlcBt5Wpet3JStyrYCMi4HvVXFt3dM&ns=1&priceTId=213e08fd17684035043562369e11da&skuId=5696453402002&spm=a21n57.imgsearch.item.1&utparam=%7B%22aplus_abtest%22%3A%229421c34fb8af275637be99e523f0221a%22%7D&xxc=taobaoSearch
b62,"p259,p260,p261,p262",童趣软萌风：白连帽衫印爱心装饰，搭配牛仔阔腿裤与星星包，可爱元素凸显软萌气质，适合日常休闲。,春夏,日常/社交,https://detail.tmall.com/item.htm?abbucket=2&id=821182876808&mi_id=0000x8dkIKbvBRbWBcW9qBNMgkJ5-2eCbKGklAQ2hN1dP8w&ns=1&priceTId=213e08fd17684035193173447e11da&skuId=5527694148717&spm=a21n57.imgsearch.item.1&utparam=%7B%22aplus_abtest%22%3A%22a13ccd5edfd15e9ece2454805c75ad1a%22%7D&xxc=taobaoSearch
b63,"p263,p264,p265,p266",法式小香风：浅蓝条纹套装加荷叶边设计，清新色调显优雅精致，适配夏日轻正式场合。,春,日常,https://detail.tmall.com/item.htm?abbucket=2&id=717161435554&mi_id=0000jBfNbTV1YloaRf4stkdVvbBZJ7mKCYNJ-QI6RJ_eEv0&ns=1&priceTId=213e08fd17684035335784314e11da&skuId=5007303069292&spm=a21n57.imgsearch.item.1&utparam=%7B%22aplus_abtest%22%3A%22b304a9c14f0b974b33dc505e90339c0f%22%7D&xxc=taobaoSearch
b64,"p267,p268,p269,p270",美式休闲运动风：米白印花卫衣搭配黑阔腿裤，条纹袖设计增加细节，舒适随性适配日常出街。,春,日常/出行,https://detail.tmall.com/item.htm?abbucket=2&id=820727659743&mi_id=0000eBff3XZejzlpsqP65M9Era3wJltW2Zw_NxxN7GSZcoM&ns=1&priceTId=213e08fd17684035459755131e11da&skuId=5696448118571&spm=a21n57.imgsearch.item.1&utparam=%7B%22aplus_abtest%22%3A%222ac17fa2f7fca4cb621b6ef13f08685c%22%7D&xxc=taobaoSearch
b65,"p271,p272,p273,p274,p275",英伦学院风：藏青套装叠穿格纹衬衫，浅蓝装饰显文艺，复古学院感适配日常上学。,春,日常/社交,https://detail.tmall.com/item.htm?abbucket=2&id=961877285814&mi_id=0000VutYcnNW5CBwAp9jmd3gg9YL0Kf6pPB0a5FOHiNhz6I&ns=1&priceTId=213e08fd17684035588966041e11da&skuId=5896070505764&spm=a21n57.imgsearch.item.1&utparam=%7B%22aplus_abtest%22%3A%22c9af11bf2622fa284eb861c716a7b8b5%22%7D&xxc=taobaoSearch
b66,"p276,p277,p278,p279",国潮街头运动风：粉格衬衫叠穿白T，搭配黑喇叭裤，字母装饰强化街头感，适合潮流出街。,春,日常/出行,https://detail.tmall.com/item.htm?abbucket=2&id=735466912959&mi_id=0000N1h7FIYwWVLN1mHIyvKHN6k2LTFpHmGC15lRmaNFFx8&ns=1&priceTId=213e08fd17684035751476918e11da&skuId=5254337910922&spm=a21n57.imgsearch.item.1&utparam=%7B%22aplus_abtest%22%3A%229e417be651886bff49c88d9dfcd106ea%22%7D&xxc=taobaoSearch
b67,"p280,p281,p282,p283",童趣软萌风：粉黑撞色卫衣印兔子装饰，搭配灰短裙，可爱元素与撞色设计契合孩童气质。,春,日常/校园,https://detail.tmall.com/item.htm?abbucket=2&id=732047647509&mi_id=0000KdN9bktUeu6nwrFRC5t8Gj8oLs3upKu3edy62elN_TI&ns=1&priceTId=213e08fd17684035862497775e11da&skuId=5241359959798&spm=a21n57.imgsearch.item.1&utparam=%7B%22aplus_abtest%22%3A%222dcdb4bf92450ca84e1197f59fd35f5d%22%7D&xxc=taobaoSearch
b68,"p284,p285,p286,p287,p288,p289",法式小香风：米色小香风外套搭配黑短裙，简约精致显优雅，适配轻正式日常场合。,春夏,校园/社交,https://detail.tmall.com/item.htm?abbucket=2&id=827340886845&mi_id=0000bwQOyC5st0OZKpGxcqGHahlF5zUzEGjiAabocXWeWV4&ns=1&priceTId=213e08fd17684036018168666e11da&skuId=5552295312572&spm=a21n57.imgsearch.item.1&utparam=%7B%22aplus_abtest%22%3A%22e1e0269c922a35202e81392cf81574da%22%7D&xxc=taobaoSearch
b69,"p290,p291,p292,p293,p294,p295",美式休闲运动风：牛仔外套印星星装饰，搭配深蓝裤装与堆堆袜，休闲中带细节，适合日常出街。,春,日常/校园,https://detail.tmall.com/item.htm?abbucket=2&id=972511865930&mi_id=0000dv5JFQsnsQJqHB-QrqQ4chIp35J5BZw7WAKEi7jkyYU&ns=1&priceTId=213e08fd17684036165031468e11da&skuId=6089448639584&spm=a21n57.imgsearch.item.1&utparam=%7B%22aplus_abtest%22%3A%229b5e2cb2a0deb835d9f9237aeb6a0629%22%7D&xxc=taobaoSearch
b70,"p296,p297,p298,p299,p300,p301",甜酷机车风：黑毛衣印花纹装饰，搭配皮短裙与粉标袜，甜酷混搭显个性，适配潮流场景。,春,日常,https://detail.tmall.com/item.htm?abbucket=2&id=820872218317&mi_id=0000kNcJ5INiVMX7P_okcJ9rFv69Z7qnBoRCXXbYE0hk1-E&ns=1&priceTId=213e08fd17684036325762642e11da&skuId=5696434194893&spm=a21n57.imgsearch.item.1&utparam=%7B%22aplus_abtest%22%3A%22844fffb7020bfb63284a323f3915863d%22%7D&xxc=taobaoSearch
b71,"p302,p303,p304,p305,p306,p307",法式小香风：鹅黄色套装缀星星装饰，搭配蕾丝内搭与同色系包，温柔精致，适配轻正式日常场合。,春,日常/社交,https://detail.tmall.com/item.htm?abbucket=2&id=827260721156&mi_id=0000ax9dms4vszh2Z_zT8P_svHhgVCI-b69xXjwSTKC77eE&ns=1&priceTId=213e08fd17684036576444161e11da&skuId=5719636874125&spm=a21n57.imgsearch.item.1&utparam=%7B%22aplus_abtest%22%3A%22ef4ea1a234aff5c29fd3973d4abf4e5a%22%7D&xxc=taobaoSearch
b72,"p308,p309,p310,p311",复古节日风：灰色套装配红色装饰，毛绒靴强化温暖感，红灰撞色凸显节日氛围，风格可爱。,春,日常/出行,https://detail.tmall.com/item.htm?abbucket=2&id=742791468257&mi_id=0000uDqgivkiLDPu7qk9QLtLRvDCUIPHtyl3tSQELsr5yPc&ns=1&priceTId=213e08fd17684036693404808e11da&skuId=5122474428457&spm=a21n57.imgsearch.item.1&utparam=%7B%22aplus_abtest%22%3A%220704a55ae0ac0d636467c552900717df%22%7D&xxc=taobaoSearch
b73,"p312,p313,p314,p315",美式休闲运动风：藏青套装印英文标语，搭配贝雷帽与运动鞋，简约舒适，适配日常出街或运动场景。,春,日常/校园,https://detail.tmall.com/item.htm?abbucket=2&id=734306335004&mi_id=0000YteFE08hCaKG9a-ZmaqNAVJrxjlxWlqdeiQD_7CAKgY&ns=1&priceTId=213e08fd17684036795925501e11da&skuId=5247189098226&spm=a21n57.imgsearch.item.1&utparam=%7B%22aplus_abtest%22%3A%22a485d5b1b98abf18dfc31bd13f0d6df9%22%7D&xxc=taobaoSearch
b74,"p316,p317,p318,p319,p320",童趣软萌风：浅蓝毛绒卫衣印猫咪装饰，搭配深蓝裤装与毛绒帽，软萌元素契合孩童气质，适合日常休闲。,春,日常/出行,https://error.item.taobao.com/error/noitem?type=noitem&itemid=743960004750&abbucket=5&pisk=gRRxVvNLF0mDEihSvSDoj7k-nduu1YY4wn8QsGj0C3KJVF9cIFbDB5sJRt02jhvRX3tRcS0q3Os90gxgsEA9U5Le7I0Vsq52u15sxDcHXE8V_O1e8mRYNT_DP5s11Yf7tnrBhDcntUHfu1YSxKv22X_R-511hiT7Fg7Lc5t1C7T54N7_c1sjyUsPVZ_f15T7FZ7gcGt_Gas5owj1f1s_V7_NVG111hTSyNj5f116fUGW8rIglGF9nsiE_h4-MQRJwZBAAUHU15HRDkbplZFT6iBNH-Yf25N6wd91x1IjLzjNii8RkhlUgs69CIfWG0G1Op-J691KIqWXWLKNiQg_hM9Dm_OXpPN6ysI6xZWYD0IBgUOFNTcIJUOymERJSPG1rHjWuI1tO25AGi1RzCmzGGpWCIXV_oiObQLWGdIPUBAK6rrhvN2jy4eaQt_Pa-qWlYrApJ_Rx42uQRWlzaIny4eaQt_PyM0oZRyNEa5..&rn=e1c367562dc46de93272c17f79f6b89b&spm=a1z10.3-b.w4011-24482356702.255.295e4e1c4IgbAQ
b75,"p321,p322,p323,p324,p325",法式小香风：粉色格纹套装叠穿白内搭，精致质感显优雅，适配轻正式场合。,春夏,校园/社交,https://detail.tmall.com/item.htm?abbucket=2&id=838916487123&mi_id=0000stKBneVnvL6dXlNFXEkF_r2xUnBXf5xtGB8ayOyYmGg&ns=1&priceTId=213e08fd17684039736882587e11da&skuId=5603240729273&spm=a21n57.imgsearch.item.1&utparam=%7B%22aplus_abtest%22%3A%22c838ade3c1d4a2d693533346d4bf9380%22%7D&xxc=taobaoSearch
b76,"p326,p327,p328,p329,p330",童趣软萌风：藏青毛衣缀蝴蝶结装饰，搭配黑喇叭裤与浅蓝包，细节设计凸显可爱，适配日常出街。,春,日常,https://detail.tmall.com/item.htm?abbucket=2&id=986562581194&mi_id=0000ccR4W6VGEixfJNX6Dfb5jAsC7N5Z4mjtiUdzDh7Hxcc&ns=1&priceTId=2147812117684041587861803e1177&skuId=6115427959946&spm=a21n57.imgsearch.item.1&utparam=%7B%22aplus_abtest%22%3A%2279c67483c5024c2667320f31fd34f7f8%22%7D&xxc=taobaoSearch
b77,"p331,p332,p333,p334",英伦学院风：灰色套装印花朵装饰，蕾丝裙摆显文艺，复古学院感适配日常上学场景。,春,校园/社交,https://error.item.taobao.com/error/noitem?type=noitem&itemid=705326102251&abbucket=5&pisk=gBXjV-gI2q0XCAZYWqrrPoCa_991nuyUcctOxGHqXKpA5GQFzClVbn5WXa76QdSToN66yGf4mCzmf__cvI71jox9WNQ67sPzLijDIdUeCJyFmiko3t7XDFh8XH-9WuRvqcMX8dUU8RGr2I42BiSmHP1-wHYJDxp9XuMJvHp9XnpTVUK6xFHAWdE7Vh-6WVp9X0dJvhptkdKvyQKBfFK96np8VhYJDdpOWLEWjUL9Bdh5eztuGEIbYJOmtgDzfmYrBABWcQFPDUKkyl8kGBsXPyefFvAXJiLSBr9pmNL6r9UzNgbOMZ-l5JaWp6b5CBp_h2xfwM9JupFINKsPo99AdrM24CTfwtdSXAIdmsRO1ZajiECVPBxJwcwH4w8RmtC7j4IA8E9v2QyLAgdOatAh3zHXp6j231QLzj8AOhIr3v8Qs-csVBD6Ver7VfcMuAb8bRwnzYdvq3WUVugjsIKkVer7VfcMM3xyTuZSlff..&rn=e1c367562dc46de93272c17f79f6b89b&spm=a1z10.3-b.w4011-24482356702.275.295e4e1c4IgbAQ
b78,"p335,p336,p337,p338,p339",国潮街头运动风：黑开衫印彩色星星装饰，搭配黄短裙与编织包，个性元素强化街头感，适合潮流出街。,春,日常/社交,https://detail.tmall.com/item.htm?abbucket=2&id=824285930681&mi_id=0000OU_pUTXdQae0bJ3tFy7g7LtfWDxj8V7xql4e0uoWz2s&ns=1&priceTId=2150496217684051626262111e1195&skuId=5540145252942&spm=a21n57.imgsearch.item.1&utparam=%7B%22aplus_abtest%22%3A%22c5b4482cd8e3b316cea406fcd4d24b53%22%7D&xxc=taobaoSearch
b79,"p340,p341,p342,p343",甜酷机车风：黑外套配粉边装饰，搭爱心纹长裙与贝雷帽，甜酷混搭显个性，适配潮流场合。,春,日常/出行,https://detail.tmall.com/item.htm?abbucket=2&id=747341290836&mi_id=0000KI44GnZKFD3l5jNJx8TCwMjEJULVgAiGv3TgqmaNeOo&ns=1&priceTId=2150496217684052191115348e1195&skuId=5322590570274&spm=a21n57.imgsearch.item.1&utparam=%7B%22aplus_abtest%22%3A%227dedd2835709ff70ef0fadf0df764b81%22%7D&xxc=taobaoSearch
b80,"p344,p345,p346",法式小香风：粉白套装加蕾丝细节，清新色调显温柔，适配夏日轻优雅场景。,春夏,校园/社交,https://detail.tmall.com/item.htm?abbucket=2&id=726103845959&mi_id=00003UekOt6LH61cVl_7_sA-VdM05ePRIJALBGb_nCaDyYI&ns=1&priceTId=2150496217684052507407084e1195&skuId=5037862272932&spm=a21n57.imgsearch.item.1&utparam=%7B%22aplus_abtest%22%3A%22c0a76ddc1943f3a5501b2e2eed577f73%22%7D&xxc=taobaoSearch
b81,"p347,p348,p349,p350",美式休闲运动风：灰粉套装印字母装饰，搭配粉袜与白鞋，色彩清新舒适，适配日常出街场景。,春,日常/社交,https://detail.tmall.com/item.htm?abbucket=2&id=705327982183&mi_id=0000GvavLUvXCUN9rFH93fcytymKaMSN74fACErSZNp3T4k&ns=1&priceTId=213e01e417684055343401703e1b10&skuId=5135858519595&spm=a21n57.imgsearch.item.1&utparam=%7B%22aplus_abtest%22%3A%222a7c9435d8701600364b3cbc5eeefcbd%22%7D&xxc=taobaoSearch
b82,"p351,p352,p353,p354,p355",复古节日风：藏青羽绒服缀圣诞装饰，搭格纹裤与毛绒帽，温暖感与节日氛围结合，风格可爱。,冬,日常/出行,https://detail.tmall.com/item.htm?abbucket=2&id=991894961279&mi_id=0000J2aMEC8WbaGJFbYhaxXk5Q8cOuMi2_U9ESqgrcUTG6s&ns=1&priceTId=213e01e417684055469052395e1b10&skuId=6128897763288&spm=a21n57.imgsearch.item.1&utparam=%7B%22aplus_abtest%22%3A%2272d8049be7b0e5d772f55a703a6f09ee%22%7D&xxc=taobaoSearch
b83,"p356,p357,p358,p359",甜酷机车风：棕粉拼接羽绒服配蝴蝶结装饰，搭深蓝裤与粉包，甜酷混搭显个性，适配冬季出街。,春,日常/社交,https://detail.tmall.com/item.htm?abbucket=2&id=995893638346&mi_id=0000JOKCVRafDpaGUjmuTZhIJo9FrMAsHGq1mP6r1nMqUo8&ns=1&priceTId=213e01e417684055583423005e1b10&skuId=6142622147368&spm=a21n57.imgsearch.item.1&utparam=%7B%22aplus_abtest%22%3A%22a6bce79d1476ba455ef5ee1cc66efbc1%22%7D&xxc=taobaoSearch
b84,"p360,p361,p362,p363,p364",英伦学院风：棕白条纹套装加半裙设计，细节装饰显文艺，复古学院感适配日常上学。,春,日常,https://detail.tmall.com/item.htm?abbucket=2&id=992613024332&mi_id=0000aEyb8Cqztco3siM-txVxozQlFzmWAkIteAshz0NhDlI&ns=1&priceTId=213e01e417684055696013616e1b10&skuId=6128179530160&spm=a21n57.imgsearch.item.1&utparam=%7B%22aplus_abtest%22%3A%226416fb17d04a485e987f8541c513c295%22%7D&xxc=taobaoSearch
b85,"p365,p366,p367,p368,p369",法式小香风：鹅黄羽绒服配格纹裙，爱心装饰显温柔，适配冬季轻优雅场合。,春,日常/出行,https://detail.tmall.com/item.htm?abbucket=2&id=843906688390&mi_id=0000xzUOrSuPRploHa2XcUyvZO5KUqoMpt9yfHKQUDUHYkg&ns=1&priceTId=213e01e417684055813824204e1b10&skuId=5618678588296&spm=a21n57.imgsearch.item.1&utparam=%7B%22aplus_abtest%22%3A%22c6c9deb2a9175985937e3e1505e0177f%22%7D&xxc=taobaoSearch
b86,"p370,p371,p372,p373,p374,p375",复古节日风：黑毛衣印小熊装饰，搭棕裙与毛绒靴，红调元素强化节日感，风格软萌。,冬,日常/社交,https://detail.tmall.com/item.htm?abbucket=2&id=996742189372&mi_id=0000cPsxvztljezmS9I_QvvU2GwAxtFsWec0uLLsyJqts94&ns=1&priceTId=213e01e417684056058655420e1b10&skuId=5976252524263&spm=a21n57.imgsearch.item.1&utparam=%7B%22aplus_abtest%22%3A%22e2ff378457be419ad4c70de206143cf6%22%7D&xxc=taobaoSearch
b87,"p376,p377,p378,p379,p380,p381,p382",童趣软萌风：蓝棕条纹毛衣配围巾装饰，搭格纹包与毛绒靴，可爱元素契合孩童气质，适合日常休闲。,春,日常/社交,https://detail.tmall.com/item.htm?abbucket=2&id=991909641078&mi_id=0000RcvO7lmZbqTnYsyr-GF4ajaqOaMks7KX2-3eOuLoywI&ns=1&priceTId=2150408d17684064069441630e1082&skuId=6128226154782&spm=a21n57.imgsearch.item.1&utparam=%7B%22aplus_abtest%22%3A%22aa8c1775a3024fb0f99c41a8aefbb23c%22%7D&xxc=taobaoSearch
b88,"p383,p384,p385,p386,p387",美式休闲运动风：棕白套装印爱心装饰，毛绒材质显温暖，适配冬季日常出街。,冬,日常/出行,https://detail.tmall.com/item.htm?abbucket=2&id=991895985694&mi_id=00003fd0SXZ_rX9ZYfaMjnPg0LErBlza9P6u9kK15GhLY5A&ns=1&priceTId=2150408d17684065672913426e1082&skuId=5962243892634&spm=a21n57.imgsearch.item.1&utparam=%7B%22aplus_abtest%22%3A%22e26a3a0aa31362debbf0e3fa0d2a88af%22%7D&xxc=taobaoSearch
b89,"p388,p389,p390,p391",甜酷机车风：米白羊羔毛外套缀星星装饰，搭棕裤，甜酷风格适配潮流场合。,春,日常,https://detail.tmall.com/item.htm?abbucket=2&id=981478681686&mi_id=0000BPzlyLf2uFmoc7UdSwrM8dpAzX4LVMQmpvtYudA-_X4&ns=1&priceTId=2150408d17684066358476961e1082&skuId=6105589735430&spm=a21n57.imgsearch.item.1&utparam=%7B%22aplus_abtest%22%3A%22ad7e5284d7d4a9da18c4e8f74a1ed92f%22%7D&xxc=taobaoSearch
b90,"p392,p393,p394,p395,p396,p397",法式小香风：米黄套装加棕边装饰，搭毛绒包与皮鞋，精致质感显优雅，适配轻正式日常。,春,日常/社交,https://detail.tmall.com/item.htm?abbucket=2&id=835269792740&mi_id=00003TYCYffVKdHHdrkvLOiW9Z_DSSEW28om04y37-y8oXE&ns=1&priceTId=2150408d17684066659198586e1082&skuId=5589135773267&spm=a21n57.imgsearch.item.1&utparam=%7B%22aplus_abtest%22%3A%22e95a07766ae1a8da6fd002107de225e5%22%7D&xxc=taobaoSearch
b91,"p398,p399,p400",美式休闲运动风：粉色套装印字母爱心装饰，搭配白鞋，色彩清新舒适，适配日常出街场景。,春,日常/社交,https://detail.tmall.com/item.htm?abbucket=2&id=737284273898&mi_id=0000TX4LIct7YAIxEgkSL_9YsvRkUeVYi2Kk9R1p-3-mXWI&ns=1&priceTId=2150408d17684066778411205e1082&skuId=5093368653043&spm=a21n57.imgsearch.item.1&utparam=%7B%22aplus_abtest%22%3A%223f5b7be4655d5b13502e11f9a557c294%22%7D&xxc=taobaoSearch
b92,"p401,p402,p403,p404",英伦学院风：棕粉条纹毛衣搭灯芯绒裤，围巾装饰显复古文艺，适配日常上学。,春,日常,https://detail.tmall.com/item.htm?abbucket=2&id=689304797021&mi_id=0000Rly3KpytEC6bh4uBVqBwTUtwJ2jg-PtARRltn44mZbI&ns=1&priceTId=2150408d17684067133633384e1082&skuId=4905663660597&spm=a21n57.imgsearch.item.1&utparam=%7B%22aplus_abtest%22%3A%22fb2280f9eee80f90aa438271d48d1909%22%7D&xxc=taobaoSearch
b93,"p405,p406,p407",美式休闲运动风：浅蓝套装印玫瑰装饰，裤脚蕾丝细节显温柔，适配日常休闲。,春,日常/校园,https://detail.tmall.com/item.htm?abbucket=2&id=876928294155&mi_id=0000_EboF7n-_9vtqU8Q1GgkLeHedtug99cYi0Z77k9_UDM&ns=1&priceTId=2150408d17684067467255780e1082&skuId=5883312850119&spm=a21n57.imgsearch.item.1&utparam=%7B%22aplus_abtest%22%3A%222ade26bb968068492ec017af51bffd42%22%7D&xxc=taobaoSearch
b94,"p408,p409,p410,p411",法式小香风：藏青格纹套装加娃娃领设计，精致优雅，适配轻正式场合。,夏,校园/社交,https://detail.tmall.com/item.htm?abbucket=2&id=941975025824&mi_id=0000cBWga1hBiQvph-Tcj8J_cKnPKxCjoZG-4itebQkyKX0&ns=1&priceTId=2150408d17684067594996451e1082&skuId=6007890563848&spm=a21n57.imgsearch.item.1&utparam=%7B%22aplus_abtest%22%3A%224fa8be847dcdb5f53e7e20ff4daecfa6%22%7D&xxc=taobaoSearch
b95,"p412,p413,p414",法式小香风：粉白格纹套装搭同色系包，温柔精致，适配夏日轻优雅场景。,春夏,校园/社交,https://detail.tmall.com/item.htm?abbucket=2&id=906492476947&mi_id=0000qLA_qVwDiLxHWDZ824C-We6NBpmpMy25xiNVvWi1dVE&ns=1&priceTId=2150408d17684067709587128e1082&skuId=5764817276263&spm=a21n57.imgsearch.item.1&utparam=%7B%22aplus_abtest%22%3A%22e36744885f36c52725ff6156f8364a00%22%7D&xxc=taobaoSearch
b96,"p415,p416,p417,p418,p419",甜酷机车风：波点上衣搭黑短裤，丝带袜与铆钉鞋强化个性，适配潮流出街。,夏,日常/社交,https://detail.tmall.com/item.htm?abbucket=2&id=905394227398&mi_id=0000s8BrWsvhp6WVXeEK3B_nZnRwHOqqMTMwoy7nwkjAR8k&ns=1&priceTId=2150408d17684067858218077e1082&skuId=5764918308839&spm=a21n57.imgsearch.item.1&utparam=%7B%22aplus_abtest%22%3A%22e79ec6f54bbc2d3dfe8a97d2c6a6810c%22%7D&xxc=taobaoSearch
b97,"p420,p421,p422,p423",美式休闲运动风：浅蓝套装加缝线细节，简约舒适，适配日常出街或运动。,春,日常/运动,https://detail.tmall.com/item.htm?abbucket=2&id=767802548962&mi_id=0000cblPnZaBYqyRzR6OHamkaAacGz_TXMcomLJo2nRP0vw&ns=1&priceTId=2150408d17684068035321038e1082&skuId=5439297690588&spm=a21n57.imgsearch.item.1&utparam=%7B%22aplus_abtest%22%3A%228f390464484a451e654a1f8656bf9e94%22%7D&xxc=taobaoSearch
b98,"p424,p425,p426,p427",国潮街头运动风：黑卫衣印花朵装饰，搭湖蓝裤与绿包，撞色设计显个性，适配潮流场景。,春,日常/社交,https://detail.tmall.com/item.htm?abbucket=2&id=821066601375&mi_id=0000CUv0kD4LfkXF53lEQFV9fkQ1q07wkJ74hOpFqTwDdng&ns=1&priceTId=2150408d17684068153991645e1082&skuId=5696450974097&spm=a21n57.imgsearch.item.1&utparam=%7B%22aplus_abtest%22%3A%223ba7cd68f6e3b4b9f9245b0f8d9b6d43%22%7D&xxc=taobaoSearch
b99,"p428,p429,p430,p431,p432",英伦学院风：米白水手领卫衣搭黑裙，星星装饰显文艺，适配日常休闲。,春,校园/社交,https://detail.tmall.com/item.htm?abbucket=2&id=876730419060&mi_id=0000pEMtwrI50lAyPsUoVWPB7Ayd7077oOAAfmTa7_A9te0&ns=1&priceTId=2150408d17684068294272497e1082&skuId=5883316970730&spm=a21n57.imgsearch.item.1&utparam=%7B%22aplus_abtest%22%3A%228f554fe0d37cc1cadc9135cfc56122c1%22%7D&xxc=taobaoSearch
b100,"p433,p434,p435,p436,p437",童趣软萌风：黑卫衣印兔子装饰，搭毛绒包，可爱元素契合孩童气质，适配日常出街。,春,日常/社交,https://detail.tmall.com/item.htm?abbucket=2&id=747335714401&mi_id=0000MK7IxWtcCo2bWh6jseck4DRO2GSL7IRJA-2Zqt6SSVg&ns=1&priceTId=2150408d17684068464173428e1082&skuId=5322549902084&spm=a21n57.imgsearch.item.1&utparam=%7B%22aplus_abtest%22%3A%2239ddf7cb023d5caa5ff0fe90700cf3d4%22%7D&xxc=taobaoSearch
b101,"p438,p439,p440",童趣软萌风：黑粉套装印蛋糕星星装饰，搭粉鞋，可爱元素契合孩童气质，适配日常出街。,夏,日常/社交,https://detail.tmall.com/item.htm?abbucket=2&id=701415140739&mi_id=00008rA7nH4vNutYqk3nkPTavjOWdOkg1k4tHCzypvCr_U4&ns=1&priceTId=2150408d17684068617804273e1082&skuId=5118055898124&spm=a21n57.imgsearch.item.1&utparam=%7B%22aplus_abtest%22%3A%2218a40c94f0a9c37fc97d4642f515ddb0%22%7D&xxc=taobaoSearch
b102,"p441,p442,p443",法式小香风：黑上衣缀白蝴蝶结，搭纱裙与绑带鞋，优雅精致，适配轻正式场合。,夏,日常/社交,https://detail.tmall.com/item.htm?abbucket=2&id=779460971542&mi_id=0000DJmvLErWGzJ6FPOG6BQ8NvReUjeANW1BtJgStQlsh6U&ns=1&priceTId=2150408d17684068764665159e1082&skuId=5493265130178&spm=a21n57.imgsearch.item.1&utparam=%7B%22aplus_abtest%22%3A%2276b0344ec87355b47ad05e0263f118da%22%7D&xxc=taobaoSearch
b103,"p444,p445,p446",美式休闲运动风：浅蓝卫衣印爱心装饰，搭黑喇叭裤，舒适中带温柔细节，适配日常休闲。,春,日常,https://detail.tmall.com/item.htm?abbucket=2&id=876815927611&mi_id=0000CunZpt1MElamBurgWVSK3WnMu4n-SlwWDsFTspf6gfM&ns=1&priceTId=2150408d17684068896415867e1082&skuId=5883456946021&spm=a21n57.imgsearch.item.1&utparam=%7B%22aplus_abtest%22%3A%22276bc0b0656ce1637a916d84f8f9cb20%22%7D&xxc=taobaoSearch
b104,"p447,p448,p449",甜酷机车风：黑T恤缀珍珠蝴蝶结，搭白纱裙，甜酷混搭显个性，适配潮流出街。,夏,日常/社交,https://detail.tmall.com/item.htm?abbucket=2&id=773951134525&mi_id=0000uCeo_mU1eQdZPMw6fVz16AGwoFMBKP7Ovb0aOag4REo&ns=1&priceTId=2150408d17684069018816440e1082&skuId=5467322367956&spm=a21n57.imgsearch.item.1&utparam=%7B%22aplus_abtest%22%3A%22a1e9284d8f54d3ee848b4b9f6eb6e985%22%7D&xxc=taobaoSearch
b105,"p450,p451,p452,p453",美式休闲运动风：棕灰套装简约舒适，字母装饰显质感，适配日常出街或上学。,春,日常,https://detail.tmall.com/item.htm?abbucket=2&id=996464824955&mi_id=0000vnwPh_tZ50nK4C2sn88npmaJSIEDySJ89e8k-7gy9W4&ns=1&priceTId=2150408d17684069244467594e1082&skuId=6140767955478&spm=a21n57.imgsearch.item.1&utparam=%7B%22aplus_abtest%22%3A%22225749865e027bcbc8c2bb1d38b41dc6%22%7D&xxc=taobaoSearch
b106,"p454,p455,p456,p457,p458",英伦学院风：黑卫衣叠穿格纹领，搭卡其裤，复古学院感，适配日常上学。,春,日常/校园,https://detail.tmall.com/item.htm?abbucket=2&id=959344641296&mi_id=0000D1SUXES_SEhwcvg_Iy2lW2G86oqDcqWFCnSLpOPeE3k&ns=1&priceTId=2150408d17684069487158695e1082&skuId=6054749463708&spm=a21n57.imgsearch.item.1&utparam=%7B%22aplus_abtest%22%3A%2266a777070278508abe7b782a261cac63%22%7D&xxc=taobaoSearch
b107,"p459,p460,p461",美式休闲运动风：米白卫衣印品牌标识，搭深蓝裤，简约潮流，适配日常运动场景。,春,运动/出行,https://detail.tmall.com/item.htm?abbucket=2&id=821502660565&mi_id=00009ydWjbjW-lxCy8iE8-WAsnwLhPLQXAI7sCzDFZ_z09g&ns=1&priceTId=2150408d17684069628301517e1082&skuId=5531410801101&spm=a21n57.imgsearch.item.1&utparam=%7B%22aplus_abtest%22%3A%22392dbea64713afc46e017070dfa2e1fe%22%7D&xxc=taobaoSearch
b108,"p462,p463,p464",国潮街头运动风：藏青假两件T恤搭棕裤，星星装饰显个性，适配潮流出街。,春,日常/运动,https://detail.tmall.com/item.htm?abbucket=2&id=941852782016&mi_id=0000G7Y6O6Gy9pIoZLjN3PnMbBuRdBAKSxxFf65TgIGNEnM&ns=1&priceTId=2150408d17684069796522409e1082&skuId=6009059743186&spm=a21n57.imgsearch.item.4&utparam=%7B%22aplus_abtest%22%3A%225fec4c5e56b3406adcff0c81a47473c5%22%7D&xxc=taobaoSearch
b109,"p465,p466,p467,p468,p469",英伦学院风：黑卫衣叠穿红格领，搭灰裤与红帽，复古撞色，适配日常休闲。,春,日常/校园,https://detail.tmall.com/item.htm?abbucket=2&id=959936892070&mi_id=0000bR8NAlfR0ayrtNzhBQRrHXOBFTMjrAoySJFxsOPkjpg&ns=1&priceTId=2150408d17684069961313069e1082&skuId=5887379356135&spm=a21n57.imgsearch.item.1&utparam=%7B%22aplus_abtest%22%3A%2247204cf225b53d71e0d617db68657803%22%7D&xxc=taobaoSearch
b110,"p470,p471,p472,p473,p474",美式休闲运动风：拼色外套搭灰工装裤，品牌标识强化潮流感，适配日常出街。,春,日常/出行,https://detail.tmall.com/item.htm?abbucket=2&id=941418579455&mi_id=0000mB6S2kcuc13lfL9vEx7eUZREWMT1gRWEWYuQ8gycnZ0&ns=1&priceTId=2150408d17684070093863747e1082&skuId=6081641350926&spm=a21n57.imgsearch.item.1&utparam=%7B%22aplus_abtest%22%3A%22c84e0092c1f7cfd085b487ba7b7a04ac%22%7D&xxc=taobaoSearch
b111,"p475,p476,p477",国潮街头运动风：米黑套装缀金色品牌装饰，简约中显潮流质感，适配日常出街。,春,日常,https://detail.tmall.com/item.htm?abbucket=2&id=971253952975&mi_id=0000oPewYZUzLRo6fXN3nD8-h8lX9K6ab4KiGkPmPRt5nSY&ns=1&priceTId=2150408d17684070204994274e1082&skuId=6085886371693&spm=a21n57.imgsearch.item.1&utparam=%7B%22aplus_abtest%22%3A%22ecd22b14786043aebeec998d7d432d6d%22%7D&xxc=taobaoSearch
b112,"p478,p479,p480",童趣软萌风：黑T恤印小熊装饰，搭黑裤，可爱元素契合孩童气质，适合日常休闲。,夏,日常/社交,https://detail.tmall.com/item.htm?abbucket=2&id=755749706600&mi_id=0000SDTTZJZngfJ2AqeY9TFUlHU-i4yEYQJ9_LOQ6Ok-EtA&ns=1&priceTId=2150408d17684070347864887e1082&skuId=5212965921700&spm=a21n57.imgsearch.item.1&utparam=%7B%22aplus_abtest%22%3A%222fe02a5dcf7751d195c76e036fcc8ade%22%7D&xxc=taobaoSearch
b113,"p481,p482,p483,p484",国潮街头运动风：黑套装配金色标识，搭空顶帽，个性潮流，适配潮流出街场景。,夏,日常/运动,https://detail.tmall.com/item.htm?abbucket=2&id=796170790495&mi_id=0000CjYRvjUO8eIaNNWrTdwyxlh0XvvwIRPyYuykd68Bf9w&ns=1&priceTId=2150408d17684070460105473e1082&skuId=5852898932905&spm=a21n57.imgsearch.item.1&utparam=%7B%22aplus_abtest%22%3A%22da2b18f1c7180d973d2cc3acfcbd136f%22%7D&xxc=taobaoSearch
b114,"p485,p486,p487",美式休闲运动风：黑灰套装缀字母暗纹，侧边纽扣设计显细节，适配日常运动。,春,日常,https://detail.tmall.com/item.htm?abbucket=2&id=724609861248&mi_id=0000Hu8dyO-1rsyvovW-47T2BKnC5sqJZSlPfp7wca9FYZk&ns=1&priceTId=2150408d17684070615806236e1082&skuId=5187316616642&spm=a21n57.imgsearch.item.1&utparam=%7B%22aplus_abtest%22%3A%226be879ae1cef13b74899af7e1437b649%22%7D&xxc=taobaoSearch
b115,"p488,p489,p490,p491,p492",美式休闲运动风：灰白套装搭网球装备，简约舒适，适配运动场合。,春,运动,https://detail.tmall.com/item.htm?abbucket=2&id=940999842050&mi_id=0000BbvzSSUBqAv2AY641tVnSbOW4-DRSAnhrZG2OB_MSes&ns=1&priceTId=2150408d17684071073278718e1082&skuId=6007061571682&spm=a21n57.imgsearch.item.1&utparam=%7B%22aplus_abtest%22%3A%220a0c31d1516e28b1c5d2f8e5f36a0447%22%7D&xxc=taobaoSearch
b116,"p493,p494,p495,p496",国潮街头运动风：红黑套装印品牌标识，撞色设计显活力，适配潮流出街。,春,运动/出行,https://detail.tmall.com/item.htm?abbucket=2&id=982078985607&mi_id=0000VEzaV9e1ZtX0JBmjMUPLG3oBMUlneHf1y8eC3JgzOps&ns=1&priceTId=2150408d17684071225821353e1082&skuId=5941178901409&spm=a21n57.imgsearch.item.4&utparam=%7B%22aplus_abtest%22%3A%22933cb3e59120eb39ec2a1400077d14ef%22%7D&xxc=taobaoSearch
b117,"p497,p498,p499",美式休闲运动风：蓝白套装缀品牌字母，简约清爽，适配日常出街或运动。,春,日常/运动,https://detail.tmall.com/item.htm?abbucket=2&id=823188896629&mi_id=0000p9iO_YrsWQc91zibh_90WykDjPlQO-2Fs7ncihMLU-g&ns=1&priceTId=2150408d17684071371922035e1082&skuId=5705595039450&spm=a21n57.imgsearch.item.1&utparam=%7B%22aplus_abtest%22%3A%2283d4908aa0a55f49a62953d9fa8f2742%22%7D&xxc=taobaoSearch
b118,"p500,p501,p502,p503",国潮街头运动风：黑灰套装印标语装饰，侧边条纹显动感，适配潮流出街。,春,运动/出行,https://detail.tmall.com/item.htm?abbucket=2&id=852688670419&mi_id=0000XhA7Ex5pnWHfl7a2vh0OJEeXUYoUSV0s48Kxh-rBbuI&ns=1&priceTId=2150408d17684071493872625e1082&skuId=6095012426106&spm=a21n57.imgsearch.item.1&utparam=%7B%22aplus_abtest%22%3A%22f8d70224b3be412a59f9ecf1d3d3f2f9%22%7D&xxc=taobaoSearch
b119,"p504,p505,p506,p507,p508",美式休闲运动风：黑蓝套装搭篮球装备，撞色设计显活力，适配运动场景。,春,运动,https://detail.tmall.com/item.htm?abbucket=2&id=864798810037&mi_id=00002BY8k3b6lko5gvC-CBIcH59VhpPK0dYHY9j0_MHA7J0&ns=1&priceTId=2150408d17684071631713418e1082&skuId=5690687813796&spm=a21n57.imgsearch.item.1&utparam=%7B%22aplus_abtest%22%3A%224cc23e5d3f595cbd3da8ada0404db90e%22%7D&xxc=taobaoSearch
b120,"p509,p510,p511,p512",国潮街头运动风：绿黑套装缀品牌标识，搭滑板，潮流感适配街头场景。,春,运动/出行,https://detail.tmall.com/item.htm?abbucket=2&id=853216744470&mi_id=0000wRaAd2iuaL07h3icvHCK6vjeuJW-Av77szoD_W2NTvs&ns=1&priceTId=2150408d17684071771694034e1082&skuId=5820409099018&spm=a21n57.imgsearch.item.1&utparam=%7B%22aplus_abtest%22%3A%2220ff37f58ab99578c7faa03e082276db%22%7D&xxc=taobaoSearch
b121,"p513,p514,p515,p516",美式休闲运动风：米黑套装搭棒球装备，品牌标识显活力，适配运动场合。,春,运动,https://detail.tmall.com/item.htm?abbucket=2&id=947733256865&mi_id=0000eY_NpWF5e7QNmUcnMhTDkT_2UXjUk_p6Bj71T1-IHCs&ns=1&priceTId=2150408d17684071938594789e1082&skuId=5853916628317&spm=a21n57.imgsearch.item.1&utparam=%7B%22aplus_abtest%22%3A%22bd917f7a75afa5f72bdeeb3ce5e4e164%22%7D&xxc=taobaoSearch
b122,"p517,p518,p519,p520,p521",国潮街头运动风：拼色外套叠穿品牌T恤，搭滑板，潮流感适配街头场景。,春,运动/出行,https://detail.tmall.com/item.htm?abbucket=2&id=941603137380&mi_id=00003oBYGBRAfBxdv_JEn29WuKPTdRkmBC5pWiDdMm3WDq4&ns=1&priceTId=2150430f17684074119222229e1ae8&skuId=5839218028264&spm=a21n57.imgsearch.item.1&utparam=%7B%22aplus_abtest%22%3A%22a7ac4fbbee8834b4342323b62a405f07%22%7D&xxc=taobaoSearch
b123,"p522,p523,p524,p525,p526",美式休闲运动风：黑套装叠穿格纹内搭，搭棒球装备，复古运动风适配日常出街。,春,运动,https://detail.tmall.com/item.htm?abbucket=2&id=941603921798&mi_id=0000qD3ItiLbrEKAgWfBrqes3_0j18UP3NQtYdrpg3vk-mE&ns=1&priceTId=2150430f17684074229122697e1ae8&skuId=5840879197354&spm=a21n57.imgsearch.item.1&utparam=%7B%22aplus_abtest%22%3A%221d7d41108f11595cc0ee24f3a9d58df1%22%7D&xxc=taobaoSearch
b124,"p527,p528,p529,p530,p531",国潮街头运动风：米白卫衣印汉字装饰，撞色鞋显个性，适配潮流出街。,春,日常/运动,https://detail.tmall.com/item.htm?abbucket=2&id=836814509568&mi_id=0000Eo_YuNQqsQRe6YZ17wzwIwTwNUtUD3mnOjj3kW7rR28&ns=1&priceTId=2150430f17684074393713357e1ae8&skuId=5761478290063&spm=a21n57.imgsearch.item.1&utparam=%7B%22aplus_abtest%22%3A%22d271d373e6d645898e221317dc24961a%22%7D&xxc=taobaoSearch
b125,"p532,p533,p534,p535",国潮街头运动风：黑红套装搭滑板，品牌标识强化潮流感，适配街头场景。,春,运动/出行,https://detail.tmall.com/item.htm?abbucket=2&id=927949850293&mi_id=0000hg64xLkQO27LL8p4b3HoZeectvC0ZKgDVfRPttMXqBQ&ns=1&priceTId=2150430f17684074540744143e1ae8&skuId=5977098466631&spm=a21n57.imgsearch.item.1&utparam=%7B%22aplus_abtest%22%3A%222cd7ad6be78599169e01397d23aae0db%22%7D&xxc=taobaoSearch
b126,"p536,p537,p538,p539",美式休闲运动风：黑灰套装搭篮球装备，撞色鞋显活力，适配运动场合。,春,运动,https://detail.tmall.com/item.htm?abbucket=2&id=940573643504&mi_id=0000onE_sowCccxhl9ojuClLzeE6Jbh9G64VPjWyBENnTXE&ns=1&priceTId=2150430f17684074735945149e1ae8&skuId=6007071383666&spm=a21n57.imgsearch.item.1&utparam=%7B%22aplus_abtest%22%3A%22f8c08666c971f205a0f4f5d51805eb53%22%7D&xxc=taobaoSearch
b127,"p540,p541,p542,p543",国潮街头运动风：绿白卫衣印标语装饰，搭滑板，简约潮流适配日常出街。,春,运动/出行,https://detail.tmall.com/item.htm?abbucket=2&id=827108744965&mi_id=00006A13KRRhXClX0v9aHf1HtDtxXIW8GyjUOHZkX_YPp2s&ns=1&priceTId=2150430f17684074864885806e1ae8&skuId=5724750801720&spm=a21n57.imgsearch.item.2&utparam=%7B%22aplus_abtest%22%3A%22d50b24f76219447b90cea22258d73533%22%7D&xxc=taobaoSearch
b128,"p544,p545,p546",国潮街头运动风：黑套装印“CHINA”标识，红调元素显个性，适配潮流场景。,春,日常,https://detail.tmall.com/item.htm?abbucket=2&id=768243603748&mi_id=0000MO1SATejJHRcfMdJEfQMtKulHVT7Uc430w1VegQGqjQ&ns=1&priceTId=2150430f17684075140567605e1ae8&skuId=5724749201837&spm=a21n57.imgsearch.item.1&utparam=%7B%22aplus_abtest%22%3A%2249873380680eb7c6fadfe49c9d09e715%22%7D&xxc=taobaoSearch
b129,"p547,p548,p549,p550",美式休闲运动风：灰套装印“PLAYER”标识，搭高尔夫装备，舒适适配运动场合。,春,运动/出行,https://detail.tmall.com/item.htm?abbucket=2&id=836170421999&mi_id=0000M5bdipb9gYcI9U2eg8mjvcPCDVvCxiZoZcBdVGc2-CI&ns=1&priceTId=2150430f17684075268978181e1ae8&skuId=5769520481454&spm=a21n57.imgsearch.item.1&utparam=%7B%22aplus_abtest%22%3A%22aa382e8a2707671c9fbb75fc0979de58%22%7D&xxc=taobaoSearch
b130,"p551,p552,p553,p554",国潮街头运动风：黑套装印白色标语，撞色鞋显动感，适配潮流出街。,春,日常/运动,https://detail.tmall.com/item.htm?abbucket=2&id=835173552603&mi_id=00001g2c4keW8mB92nFVf0W2dR5nYoFL9vvAaBFgQ1Bl2V8&ns=1&priceTId=2150430f17684075417111040e1ae8&skuId=5739770052910&spm=a21n57.imgsearch.item.2&utparam=%7B%22aplus_abtest%22%3A%225b7f87aff8eaf462a4acdde96752427f%22%7D&xxc=taobaoSearch
b131,"p555,p556,p557,p558,p559",国潮街头运动风：浅紫套装印“CHINA”标识，搭粉背包，色彩清新显活力，适配日常出街。,春,日常,https://detail.tmall.com/item.htm?abbucket=2&id=768243603748&mi_id=0000MO1SATejJHRcfMdJEfQMtPV1j0IbZu4UuV65Sn_PQB0&ns=1&priceTId=2150430f17684075664842313e1ae8&skuId=5724749201837&spm=a21n57.imgsearch.item.1&utparam=%7B%22aplus_abtest%22%3A%2241c31ea856c2904cf6f1cdbf2427aeb3%22%7D&xxc=taobaoSearch
b132,"p560,p561,p562,p563,p564",童趣软萌风：灰套装印彩色装饰，搭黄帽，可爱元素契合孩童气质，适合日常休闲。,春,日常/社交,https://detail.tmall.com/item.htm?abbucket=2&id=868130590400&mi_id=0000e6fOJdd85cbJ-BcfPywLTQqdqlSSrarkqAG-YBpUdQw&ns=1&priceTId=2150430f17684076130144448e1ae8&skuId=5739771736379&spm=a21n57.imgsearch.item.1&utparam=%7B%22aplus_abtest%22%3A%226496de66d953df7f51cf86b34e3a4931%22%7D&xxc=taobaoSearch
b133,"p565,p566,p567,p568,p569",美式休闲运动风：蓝橙拼色外套叠穿白T恤，搭深蓝裤，简约舒适，适配日常出街。,春,日常/出行,https://detail.tmall.com/item.htm?abbucket=2&id=766158931797&mi_id=000073WNm_304a4iCeoMYrwkQzwGv7Kqs6HbDzGOLLCpZ0U&ns=1&priceTId=2150430f17684076372375704e1ae8&skuId=6136148762922&spm=a21n57.imgsearch.item.1&utparam=%7B%22aplus_abtest%22%3A%22c5cb589b5affbbbd6b0c671699664ce8%22%7D&xxc=taobaoSearch
b134,"p570,p571,p572,p573",美式休闲运动风：白T恤搭黑短裤，搭运动器械，清爽适配运动场合。,夏,运动,https://detail.tmall.com/item.htm?abbucket=2&id=900592240391&mi_id=0000Dv8BOA8TOReLcsPbNIuxMk8AqWq7WDbwEKxaeB96qlE&ns=1&priceTId=2150430f17684076720717556e1ae8&skuId=5930468492936&spm=a21n57.imgsearch.item.1&utparam=%7B%22aplus_abtest%22%3A%22c4528dddf9c0280d9ea6830e6f6d78f2%22%7D&xxc=taobaoSearch
b135,"p574,p575,p576,p577,p578",国潮街头运动风：藏青套装印“CHINA”标识，搭运动装备，活力适配运动场景。,夏,运动,https://detail.tmall.com/item.htm?abbucket=2&id=899897589593&mi_id=0000qDpnPLyQpvT2Oa6VFyuEo-BVInDRrt8TcD7eEGAvbbo&ns=1&priceTId=2150430f17684076852278287e1ae8&skuId=5935962113021&spm=a21n57.imgsearch.item.2&utparam=%7B%22aplus_abtest%22%3A%2270c2f384493c9952e742bd4271a2a7a5%22%7D&xxc=taobaoSearch
b136,"p579,p580,p581,p582",国潮街头运动风：蓝黑套装印品牌标语，撞色鞋显个性，适配潮流出街。,春,日常/社交,https://detail.tmall.com/item.htm?abbucket=2&id=668866671063&mi_id=0000jXOoHbdx3VcJ5NNt4Ub9ySip3ZeTpYgCfUSAGwzhktQ&ns=1&priceTId=2150430f17684076990068890e1ae8&skuId=6080655442638&spm=a21n57.imgsearch.item.2&utparam=%7B%22aplus_abtest%22%3A%22dcfc754c04b07a92c4ea8cd8a32224c5%22%7D&xxc=taobaoSearch
b137,"p583,p584,p585",英伦学院风：米白POLO衫搭黑牛仔裤，简约文艺，适配日常上学。,春,日常,https://detail.tmall.com/item.htm?abbucket=2&id=998315544471&mi_id=00001GVe5PSNXLNW5TbLraVi28AiaiJ_oZkNs5GwJxgCNF8&ns=1&priceTId=2150430f17684077117441559e1ae8&skuId=5978302824139&spm=a21n57.imgsearch.item.1&utparam=%7B%22aplus_abtest%22%3A%22f48d8980bb9a32e3d5453066d49f9c1f%22%7D&xxc=taobaoSearch
b138,"p586,p587,p588,p589",童趣软萌风：浅蓝卫衣印小羊装饰，搭黑牛仔裤，温柔可爱，适配日常休闲。,春,日常/社交,https://detail.tmall.com/item.htm?abbucket=2&id=996520850497&mi_id=0000O_Z-Q2UC_Z0TTb-wgMT8cI9Lhpik-CLn56or0H4tNqo&ns=1&priceTId=2150430f17684077243382108e1ae8&skuId=6143310498109&spm=a21n57.imgsearch.item.1&utparam=%7B%22aplus_abtest%22%3A%2270f4c530c03b41840e9a6e29db219fef%22%7D&xxc=taobaoSearch
b139,"p590,p591,p592,p593",童趣软萌风：粉卫衣印动物装饰，搭白裤，甜美清新，适配日常出街。,春,日常/社交,https://detail.tmall.com/item.htm?abbucket=2&fpChannel=101&fpChannelSig=9466f59da08eaad6e5a73f2ca06498aee57d0c4b&id=995920495430&mi_id=0000srMqKpUvcJEvaywTaY4_6GGuZ77-VfNDBDubZWX-YeI&ns=1&priceTId=2150430f17684077366112671e1ae8&skuId=5978723597682&spm=a21n57.imgsearch.item.1&utparam=%7B%22aplus_abtest%22%3A%22856e088409daddce2b0e053156ba22c6%22%7D&xxc=taobaoSearch
b140,"p594,p595,p596,p597",美式休闲运动风：藏青假两件上衣搭工装裤，搭登山杖，户外风适配出行场景。,春,运动/出行,https://detail.tmall.com/item.htm?abbucket=2&id=1002255906747&mi_id=0000-LUX2g1X0_4xPR-UDvOSD2szOVF7GrWFonobqckxEU0&ns=1&priceTId=2150430f17684077494653220e1ae8&skuId=6157854478351&spm=a21n57.imgsearch.item.1&utparam=%7B%22aplus_abtest%22%3A%2217bda90ad1a2ba7fa1a92af60d131b39%22%7D&xxc=taobaoSearch
b141,"p289,p599,p600",英伦学院风：米白毛衣印红心装饰，搭深蓝牛仔裤，简约文艺，适配日常上学。,春,日常,https://detail.tmall.com/item.htm?abbucket=2&id=1001013618419&mi_id=0000B3gRZYzc61JvCWs6cYXGgjrt9ODOHqX-7qoQk3vxjl8&ns=1&priceTId=2150430f17684077769174508e1ae8&skuId=6154538334826&spm=a21n57.imgsearch.item.2&utparam=%7B%22aplus_abtest%22%3A%22abe85d8ff5ad627becc75298e2b91f6e%22%7D&xxc=taobaoSearch
b142,"p601,p602,p603,p604",美式休闲运动风：灰套装搭网球装备，缝线细节显质感，适配运动场合。,春,运动/出行,https://detail.tmall.com/item.htm?abbucket=2&id=1008461329133&mi_id=0000XBiHdqn8ftITQfN1a3pwIxybkorMHL8sRE930lA-qVA&ns=1&priceTId=2150430f17684078042205844e1ae8&skuId=6170827898947&spm=a21n57.imgsearch.item.1&utparam=%7B%22aplus_abtest%22%3A%229eab1478774297eaddefafa7e981b957%22%7D&xxc=taobaoSearch
b143,"p605,p606,p607",童趣软萌风：黑T恤印猫咪装饰，搭粉裤，撞色设计显可爱，适配日常出街。,春,日常/社交,https://detail.tmall.com/item.htm?abbucket=2&id=997296613661&mi_id=0000EXhonD8QpqThGSH9bg5HbfhcVz8CWiDwGJy9VssCppk&ns=1&priceTId=214781b217684080689201855e1182&skuId=6012822765641&spm=a21n57.imgsearch.item.1&utparam=%7B%22aplus_abtest%22%3A%221c66ed66dfbb300d988912fb754ea5e0%22%7D&xxc=taobaoSearch
b144,"p608,p609,p610,p611",国潮街头运动风：藏青条纹卫衣搭浅灰工装裤，黄包点缀显个性，适配潮流场景。,春,日常,https://detail.tmall.com/item.htm?abbucket=2&id=996811398525&mi_id=0000-_VKL5K2IZwimTEdHU9_tMPSFK_sltNrNblAr64RTXo&ns=1&priceTId=214781b217684080895972714e1182&skuId=6168239614537&spm=a21n57.imgsearch.item.1&utparam=%7B%22aplus_abtest%22%3A%2284bfcdb49a9b99e7796b4b40030f2836%22%7D&xxc=taobaoSearch
b145,"p612,p613,p614,p615",法式小香风：黄开衫叠穿白衬衫，搭灰百褶裙，温柔精致，适配轻正式场合。,春,校园/社交,https://detail.tmall.com/item.htm?abbucket=2&id=997303321156&mi_id=0000xVP-fkQcU3aXuZpKxrWbzee3DP4YvSZ4oiple_Z5tQE&ns=1&priceTId=214781b217684081095403400e1182&skuId=6143316094301&spm=a21n57.imgsearch.item.1&utparam=%7B%22aplus_abtest%22%3A%227e7924ca719c9b2b8a3018e2313efedb%22%7D&xxc=taobaoSearch
b146,"p616,p617,p618,p619",美式休闲运动风：黑牛仔套装叠穿白T恤，复古风适配日常出街。,春,日常/社交,https://detail.tmall.com/item.htm?abbucket=2&id=997665329115&mi_id=0000CP_1hBMo8pIqMB3NeI0U9njP5b16qbUfNaKt_tZe0R0&ns=1&priceTId=214781b217684081451594508e1182&skuId=6144964451994&spm=a21n57.imgsearch.item.2&utparam=%7B%22aplus_abtest%22%3A%22c7b46829492efe6c255a066b762df787%22%7D&xxc=taobaoSearch
b147,"p620,p621,p622",美式休闲运动风：黑套装印标语装饰，搭棒球装备，活力适配运动场景。,春,运动,https://detail.tmall.com/item.htm?abbucket=2&id=999111439673&mi_id=0000AaNZTqGvGG6SqeDgUKxreUI_BZispuBBWBgrhvI0SoY&ns=1&priceTId=214781b217684081772205520e1182&skuId=5985730740650&spm=a21n57.imgsearch.item.1&utparam=%7B%22aplus_abtest%22%3A%2206b4fc283abf5b4497bc004cba71d752%22%7D&xxc=taobaoSearch
b148,"p623,p624,p625",童趣软萌风：黑毛衣印小狗装饰，搭浅蓝牛仔裤，可爱元素契合孩童气质，适合日常休闲。,春,日常,https://detail.tmall.com/item.htm?abbucket=2&id=998335828412&mi_id=0000S0OqEURc5Q9D3kXwN1yFb8gBjni3czo90sIGLZvpO_I&ns=1&priceTId=214781b217684081897435899e1182&skuId=6144118462768&spm=a21n57.imgsearch.item.1&utparam=%7B%22aplus_abtest%22%3A%221820967f53dc9f79318cbf966b258b77%22%7D&xxc=taobaoSearch
b149,"p626,p627,p628,p629,p630",童趣软萌风：灰卫衣印黑猫装饰，搭浅蓝牛仔裤，清新可爱，适配日常出街。,春,日常/社交,https://detail.tmall.com/item.htm?abbucket=2&id=1000582096788&mi_id=0000BZULy2bJxzdFem6a8BROrDETfn1cK3cCtifviSddNWM&ns=1&priceTId=214781b217684082759458718e1182&skuId=5984095212172&spm=a21n57.imgsearch.item.1&utparam=%7B%22aplus_abtest%22%3A%22110520733a0b6cad5ec42a8b5f801d2e%22%7D&xxc=taobaoSearch
b150,"p631,p632,p633,p634,p635",国潮街头运动风：渐变毛衣印字母装饰，搭深蓝牛仔裤，潮流感适配日常出街。,春,日常/出行,https://detail.tmall.com/item.htm?abbucket=2&id=976464287181&mi_id=0000isPYOe_D1YJ0f3uZPnhRK-JJ9BVQJ69B8YanFdzmKMw&ns=1&priceTId=214781b217684082889801125e1182&skuId=6098450431052&spm=a21n57.imgsearch.item.1&utparam=%7B%22aplus_abtest%22%3A%222fb7378b1c7539bc0ecf573841696700%22%7D&xxc=taobaoSearch
b151,"p636,p637,p638,p639",美式休闲运动风：藏青拼色翻领卫衣搭配浅灰宽松休闲裤，造型舒适潮酷，适配日常场景。,春,日常,https://detail.tmall.com/item.htm?abbucket=2&id=999653710646&mi_id=0000OU7ZWEPXyKZd1H9eDytlfSjDzJ3D94Hj_sbBoh3uYs4&ns=1&priceTId=213e091117684084726414452e1a95&skuId=6151265926075&spm=a21n57.imgsearch.item.1&utparam=%7B%22aplus_abtest%22%3A%22e244e968210d0928147675adedd9ca0b%22%7D&xxc=taobaoSearch
b152,"p641,p642,p643,p644",美式休闲运动风：藏青假两件字母卫衣搭配浅蓝阔腿牛仔裤，造型个性舒适，适配日常休闲。,春,日常/社交,https://detail.tmall.com/item.htm?abbucket=2&id=1007355140403&mi_id=0000hf2N04St3dpTGhPGkjbCoZQ6xYU_Oi4ULdqujWvIgQ0&ns=1&priceTId=213e091117684084847134946e1a95&skuId=6167246131808&spm=a21n57.imgsearch.item.1&utparam=%7B%22aplus_abtest%22%3A%22dad25342e47acb8b08707eb2cab7aa8c%22%7D&xxc=taobaoSearch
b153,"p645,p646,p647",美式休闲运动风：藏青拼色条纹POLO衫搭配浅灰宽松休闲裤，细节精致随性，契合休闲运动风格。,春,校园/社交,https://detail.tmall.com/item.htm?abbucket=2&id=1004496290813&mi_id=0000_9UfHAUsLLi73UHI1H1PWiQu7SX_E9NoCx7wY5JGbKE&ns=1&priceTId=213e091117684084958635276e1a95&skuId=5998893701017&spm=a21n57.imgsearch.item.1&utparam=%7B%22aplus_abtest%22%3A%2224071631cecedcc17d7a66de0bf25bec%22%7D&xxc=taobaoSearch
b154,"p648,p649,p650",国潮街头运动风：浅绿拼色连帽卫衣搭配深灰工装束脚裤，造型潮酷有活力，适配街头休闲场景。,春,运动/出行,https://detail.tmall.com/item.htm?abbucket=2&id=1005166683726&mi_id=00004gePf8hZ11b9Hxc5-WBboCZDdeEm0tA-mTrb58Jmr5Q&ns=1&priceTId=213e091117684085176406079e1a95&skuId=6002077829583&spm=a21n57.imgsearch.item.1&utparam=%7B%22aplus_abtest%22%3A%22d6c7df15cf0396f46b7cf0c6a682cc74%22%7D&xxc=taobaoSearch
b155,"p651,p652,p653",国潮街头运动风：浅蓝扎染字母卫衣搭配浅蓝工装牛仔裤，设计个性吸睛，适配户外潮流穿搭。,春,运动/出行,https://detail.tmall.com/item.htm?abbucket=2&id=1003905535828&mi_id=0000dD2Y4pqMohKcld6uAQFK23l__T6hheY0tWl6iV88DvQ&ns=1&priceTId=213e091117684085725637968e1a95&skuId=6163464994216&spm=a21n57.imgsearch.item.1&utparam=%7B%22aplus_abtest%22%3A%2288575f2187e5f16521008f226c248e2a%22%7D&xxc=taobaoSearch
b156,"p654,p655,p656,p657,p658",美式休闲运动风：藏青条纹字母长袖衫搭配浅蓝工装牛仔裤，配色清爽简约，适配日常休闲场合。,春,日常/社交,https://detail.tmall.com/item.htm?abbucket=2&id=1005788042965&mi_id=0000UDws6bGdo_u1cjYfozcq1oazIT1p6HlaU7XG8VcePdc&ns=1&priceTId=213e091117684085843708365e1a95&skuId=6000963488659&spm=a21n57.imgsearch.item.1&utparam=%7B%22aplus_abtest%22%3A%22aac3d1a08a5a607173a394ae7bb83157%22%7D&xxc=taobaoSearch
b157,"p659,p660,p661",美式休闲运动风：浅紫字母装饰卫衣搭配浅蓝阔腿牛仔裤，风格随性舒适，适配日常休闲场景。,春,日常,https://detail.tmall.com/item.htm?abbucket=2&id=1001173520534&mi_id=0000C9X_tqYE0_OWNT56dv_rbraOX9QDH7--bAWy3KLg-B0&ns=1&priceTId=213e091117684085988078870e1a95&skuId=6151967947440&spm=a21n57.imgsearch.item.1&utparam=%7B%22aplus_abtest%22%3A%2221db73f5c99d060dd2a0edc3e9f188c3%22%7D&xxc=taobaoSearch
b158,"p662,p663,p664,p665,p666",美式休闲运动风：浅蓝渐变字母长袖衫搭配深蓝条纹牛仔裤，造型简约清新，适配日常休闲穿搭。,春,日常/社交,https://detail.tmall.com/item.htm?abbucket=2&id=1004219800259&mi_id=0000kM3rI01IkZHRmDYApjDHsjrUcBt3fxM1s5FCfH7bfio&ns=1&priceTId=213e091117684086094961259e1a95&skuId=5993264400735&spm=a21n57.imgsearch.item.1&utparam=%7B%22aplus_abtest%22%3A%223cf154bf7ae66e0b2642ed347f4c70d6%22%7D&xxc=taobaoSearch
b159,"p667,p668,p669,p670",美式休闲运动风：藏青字母印花长袖衫搭配浅蓝工装牛仔裤，设计细节丰富，适配日常休闲场合。,春,日常,https://detail.tmall.com/item.htm?abbucket=2&id=990862649695&mi_id=0000_djZ9g4vV2qVyE8yjB60Xnqmb82rZhl-2ScLRuelN9U&ns=1&priceTId=213e091117684086209111701e1a95&skuId=6124344342352&spm=a21n57.imgsearch.item.1&utparam=%7B%22aplus_abtest%22%3A%228d11efa8e8219c8032c02e46e655bf65%22%7D&xxc=taobaoSearch
b160,"p671,p672,p673,p674,p675",美式休闲运动风：浅灰连帽夹克内搭浅灰字母卫衣，搭配藏青工装裤，造型利落休闲，适配日常场景。,春,日常/出行,https://detail.tmall.com/item.htm?abbucket=2&id=1004991230130&mi_id=0000qt2EGkj5keL8Fk6BCTo7uc4ti0cf51yNl4xMJ0YO1Jc&ns=1&priceTId=213e091117684086362952298e1a95&skuId=6000256701354&spm=a21n57.imgsearch.item.1&utparam=%7B%22aplus_abtest%22%3A%22bf6ff02fac398fb85f8d95ce97178d69%22%7D&xxc=taobaoSearch
b161,"p676,p677,p678,p679",美式休闲运动风：藏青牛仔套装内搭白色T恤，细节精致随性，适配日常休闲场景。,春,日常/社交,https://detail.tmall.com/item.htm?abbucket=2&id=994737488246&mi_id=0000MAqjt1zpKtW0ha6Qg8-vLrW40GqPA7zgZ-g6V_97FMo&ns=1&priceTId=213e091117684086504702891e1a95&skuId=6134942930289&spm=a21n57.imgsearch.item.1&utparam=%7B%22aplus_abtest%22%3A%22da869771c2ffc8733b5805d59eb494fd%22%7D&xxc=taobaoSearch
b162,"p680,p681,p682,p683,p684",国潮街头运动风：藏青假两件字母卫衣搭配浅蓝工装牛仔裤，造型潮酷有活力，契合街头风格。,春,日常,https://detail.tmall.com/item.htm?abbucket=2&id=1003488201207&mi_id=0000yxu2jlA1488ARXMoXJ7cpXaA9_IFljdCrht7tt48KlE&ns=1&priceTId=213e091117684086600373182e1a95&skuId=6158946194899&spm=a21n57.imgsearch.item.1&utparam=%7B%22aplus_abtest%22%3A%22caa5b5074ef050669b0a9e1d4cd06c3d%22%7D&xxc=taobaoSearch
b163,"p685,p686,p687",国潮街头运动风：亮黄字母长袖衫搭配藏青工装裤，配色清爽吸睛，适配户外潮流穿搭。,春,运动/出行,https://detail.tmall.com/item.htm?abbucket=2&id=998370468262&mi_id=0000tYUsUypiP14ZkDlnCjVqsHuPm1KHfnat_S4giyZvoMA&ns=1&priceTId=213e091117684086931974105e1a95&skuId=6168246158966&spm=a21n57.imgsearch.item.1&utparam=%7B%22aplus_abtest%22%3A%224670429a836017950d60cae6d5638557%22%7D&xxc=taobaoSearch
b164,"p688,p689,p690,p691",美式休闲运动风：米白字母长袖衫搭配浅灰休闲裤，风格简约舒适，适配日常休闲场合。,春,运动,https://detail.tmall.com/item.htm?abbucket=2&id=1005712220533&mi_id=0000_QhzldS8OqFxkKtQ0KslsqV8xvoUuzYjWQdpQ51mGXs&ns=1&priceTId=213e091117684087126064677e1a95&skuId=6163217063172&spm=a21n57.imgsearch.item.2&utparam=%7B%22aplus_abtest%22%3A%22dc6adecfb59368938ea5e9b5aa26d0f1%22%7D&xxc=taobaoSearch
b165,"p692,p693,p694",国潮街头运动风：浅紫拼色卫衣搭配藏青工装裤，设计个性潮流，适配街头休闲场景。,春,日常/运动,https://detail.tmall.com/item.htm?abbucket=2&id=1006123594361&mi_id=0000TCj48sBCmpyIEySPDwKA7dZCyqTIY3Gpns5I16RelL4&ns=1&priceTId=213e091117684087273495088e1a95&skuId=6167354030686&spm=a21n57.imgsearch.item.1&utparam=%7B%22aplus_abtest%22%3A%22b111b9bfb444bb7513440c03f646feae%22%7D&xxc=taobaoSearch
b166,"p695,p696,p697,p698,p699",国潮街头运动风：黑紫拼色机能外套搭配同色系工装裤，造型利落酷帅，适配户外机能风格。,春,运动/出行,https://detail.tmall.com/item.htm?abbucket=2&id=1002742706144&mi_id=0000ne45Y2IuMUsns2UO6MaAFNH_PegaFudxB8rJmIsYO6E&ns=1&priceTId=213e091117684087412595564e1a95&skuId=5993448444737&spm=a21n57.imgsearch.item.1&utparam=%7B%22aplus_abtest%22%3A%22cfc48c0bc228f12cdf1f9db9c4dafea2%22%7D&xxc=taobaoSearch
b167,"p700,p701,p702,p703",童趣软萌风：浅蓝卫衣搭配白色百褶长裙，配色柔和可爱，契合孩童软萌气质。,春,日常/社交,https://detail.tmall.com/item.htm?abbucket=2&id=1002165843319&mi_id=0000NEzYm-SZsqVEOerTC65v5nUH_-BTDTWx1LJsM81vWrI&ns=1&priceTId=213e091117684087503665779e1a95&skuId=6159882847296&spm=a21n57.imgsearch.item.1&utparam=%7B%22aplus_abtest%22%3A%22bed57e277bd815fbc24c5a2f9b8debbc%22%7D&xxc=taobaoSearch
b168,"p704,p705,p706",美式休闲运动风：淡黄拼色卫衣搭配浅蓝阔腿牛仔裤，风格随性舒适，适配日常休闲场景。,春,日常,https://detail.tmall.com/item.htm?abbucket=2&id=994025825559&mi_id=0000oXtLvW3v5rtUpbl5Em8MUFIJAZ9XMRr6M64ucQvrNSc&ns=1&priceTId=213e091117684087628846147e1a95&skuId=5969095820954&spm=a21n57.imgsearch.item.1&utparam=%7B%22aplus_abtest%22%3A%2246d880c1f7af6f947d29e226673453a9%22%7D&xxc=taobaoSearch
b169,"p707,p708,p709,p710",美式休闲运动风：浅蓝拼色卫衣搭配藏青工装裤，造型清爽活力，适配日常休闲穿搭。,春,运动,https://detail.tmall.com/item.htm?abbucket=2&id=1006071192537&mi_id=0000Hodp8jAUKaenHi23kOHOwDV33cr5x2_F3fU9iOi_z9c&ns=1&priceTId=213e091117684087738216558e1a95&skuId=5998918645827&spm=a21n57.imgsearch.item.1&utparam=%7B%22aplus_abtest%22%3A%220db7173ad63c087f900a76afe79e8a36%22%7D&xxc=taobaoSearch
b170,"p711,p712,p713,p714,p715",童趣软萌风：红色动物刺绣开衫搭配藏青阔腿裤，图案可爱精致，契合孩童软萌气质。,春,日常/社交,https://detail.tmall.com/item.htm?abbucket=2&id=964671035723&mi_id=0000E6Rc4c5EssTdtxaK15ETi1DiFfHbjsuLdXOGwnDAmV8&ns=1&priceTId=213e091117684088045967724e1a95&skuId=6168240098333&spm=a21n57.imgsearch.item.1&utparam=%7B%22aplus_abtest%22%3A%22bce486641a1e89ac01c760c9b27c6b20%22%7D&xxc=taobaoSearch
b171,"p716,p717,p718,p719",童趣软萌风：浅蓝文字卫衣搭配白色蕾丝边阔腿裤，配色柔和清新，契合孩童可爱气质。,春,日常/社交,https://detail.tmall.com/item.htm?abbucket=2&id=939580543940&mi_id=0000LXMpWSCYe8OMlg1-L3KwB66syPyxmsrkm5Oe0lviCJA&ns=1&priceTId=213e091117684088297378617e1a95&skuId=5836845256714&spm=a21n57.imgsearch.item.1&utparam=%7B%22aplus_abtest%22%3A%22266b4d429b494c602098ac980ea0f22c%22%7D&xxc=taobaoSearch
b172,"p720,p721,p722,p723",童趣软萌风：浅紫条纹针织衫搭配白色蛋糕裙，造型甜美精致，适配孩童日常休闲。,春夏,日常/社交,https://detail.tmall.com/item.htm?abbucket=2&id=765708017922&mi_id=0000a2oy9077zJbHaYQHngwf50097WLg7wIOMjkYLfYSutA&ns=1&priceTId=213e091117684090039156818e1a95&skuId=5732688129596&spm=a21n57.imgsearch.item.1&utparam=%7B%22aplus_abtest%22%3A%2276b0441d400ea6d240026791651edd1d%22%7D&xxc=taobaoSearch
b173,"p724,p725,p726,p727",童趣软萌风：粉蓝拼色字母T恤搭配白色蛋糕裙，设计活泼可爱，契合孩童软萌风格。,夏,日常/社交,https://detail.tmall.com/item.htm?abbucket=2&id=874291636591&mi_id=0000qwkrtb1IqhNOuu0Mu4v3GiLcwvU5-neSYeovFT7Nh5A&ns=1&priceTId=213e091117684090192077338e1a95&skuId=5710347925434&spm=a21n57.imgsearch.item.1&utparam=%7B%22aplus_abtest%22%3A%22196481b40acef6e175164dbeeb887818%22%7D&xxc=taobaoSearch
b174,"p728,p729,p730",美式休闲运动风：米白条纹装饰毛衣搭配深蓝阔腿牛仔裤，风格随性舒适，适配日常休闲。,春,日常,https://detail.tmall.com/item.htm?abbucket=2&fpChannel=101&fpChannelSig=2cffe3c00f6a689330d7190c4af079166f05fb1b&id=958988662650&mi_id=0000ooUXxIWoA-qjLg76uX8C2PeZQTWJ9ENufo8hrXaT8Dk&ns=1&priceTId=213e091117684090317978080e1a95&skuId=6157852111632&spm=a21n57.imgsearch.item.1&utparam=%7B%22aplus_abtest%22%3A%220ea44cbfb3f307e5d8c286e099f46909%22%7D&xxc=taobaoSearch
b175,"p731,p732,p733",美式休闲运动风：藏青拼色条纹POLO衫搭配浅灰宽松休闲裤，细节精致随性，契合休闲运动风。,春,校园/社交,https://detail.tmall.com/item.htm?abbucket=2&id=1004496290813&mi_id=0000_9UfHAUsLLi73UHI1H1PWn2NUQ-q12pV7zqKa_XIWqU&ns=1&priceTId=213e091117684090428828502e1a95&skuId=5998893701017&spm=a21n57.imgsearch.item.1&utparam=%7B%22aplus_abtest%22%3A%2284689d25e9d4ce03402aec92362fd04e%22%7D&xxc=taobaoSearch
b176,"p734,p735,p736,p737,p738",国潮街头运动风：藏青连帽夹克内搭字母T恤，搭配浅蓝工装牛仔裤，造型潮酷利落，适配街头场景。,春,运动,https://detail.tmall.com/item.htm?abbucket=2&id=1002741122747&mi_id=0000E0TEJgIbs3BcM9hG4Y56EXsS61FODDpXvGIwRqwPJek&ns=1&priceTId=213e091117684090538601145e1a95&skuId=5994568457537&spm=a21n57.imgsearch.item.1&utparam=%7B%22aplus_abtest%22%3A%22756d0cf0fa38e006be0d44a1eab36d77%22%7D&xxc=taobaoSearch
b177,"p739,p740,p741",英伦学院风：藏青绞花POLO毛衣搭配深蓝阔腿牛仔裤，复古文艺，适配日常学院风穿搭。,春,日常,https://detail.tmall.com/item.htm?abbucket=2&fpChannel=101&fpChannelSig=16c0c07dd8ab267017f972cb73fcf692a5d2cbb7&id=1002456636148&mi_id=0000NztsUgIGakUM7dvsBnUhAoeqVCW-IXnJE4jRftYtr3I&ns=1&priceTId=213e091117684090672491795e1a95&skuId=6163484546239&spm=a21n57.imgsearch.item.1&utparam=%7B%22aplus_abtest%22%3A%22a0839155d2ae2ce89c43c050ac76c067%22%7D&xxc=taobaoSearch
b178,"p742,p743,p744,p745,p746,p747",国潮街头运动风：浅紫拼色机能外套搭配深蓝阔腿牛仔裤，设计个性潮流，适配户外休闲场景。,春,日常/出行,https://detail.tmall.com/item.htm?abbucket=2&fpChannel=101&fpChannelSig=e2665f7390540375abe8a757d35339c3f88f3138&id=993978597870&mi_id=0000IyiBftU7iwQqxF4JJm6KBas3eomRQoszhOqX1IKn1MM&ns=1&priceTId=213e091117684090858732536e1a95&skuId=6135514015997&spm=a21n57.imgsearch.item.1&utparam=%7B%22aplus_abtest%22%3A%224419945e17bd9f77c65cc623f970a095%22%7D&xxc=taobaoSearch
b179,"p748,p749,p750",美式休闲运动风：浅蓝字母卫衣搭配浅灰宽松休闲裤，风格舒适潮酷，适配日常休闲场合。,春,运动,https://detail.tmall.com/item.htm?abbucket=2&id=1007350624612&mi_id=0000nfiDSqGG-yWbXC1jSnmiVR56s2vT3qWaFGTWz6UEGSc&ns=1&priceTId=213e091117684090954242925e1a95&skuId=6002076261815&spm=a21n57.imgsearch.item.1&utparam=%7B%22aplus_abtest%22%3A%221f84567cf4377f5efbbb7a3ba5df487a%22%7D&xxc=taobaoSearch
b180,"p751,p752,p753",英伦学院风：米白条纹半高领毛衣搭配深蓝阔腿牛仔裤，简约复古，适配日常学院风场景。,春,日常,https://detail.tmall.com/item.htm?abbucket=2&id=958517063830&mi_id=0000jRqjqqMB5-9QmM-c5LJ0XuRI1Ml43688CYzdkCkeXLk&ns=1&priceTId=213e091117684091059983260e1a95&skuId=5913625944898&spm=a21n57.imgsearch.item.1&utparam=%7B%22aplus_abtest%22%3A%220689642f94d09c7c23bfe097fd7971e5%22%7D&xxc=taobaoSearch
b181,"p754,p755,p756",英伦学院风：米白拼藏青POLO卫衣搭配黑灰阔腿牛仔裤，复古简约，适配日常学院风场景。,春,日常,https://detail.tmall.com/item.htm?abbucket=2&id=1007759904084&mi_id=0000HdW-ysllp9AyNAPGJcinrbmWAmbL1Ord9RVdbyk1x0A&ns=1&priceTId=213e091117684091174663676e1a95&skuId=6003041789003&spm=a21n57.imgsearch.item.1&utparam=%7B%22aplus_abtest%22%3A%22753aae117090bc738d79a0c4e00b9fc6%22%7D&xxc=taobaoSearch
b182,"p757,p758,p759,p760",国潮街头运动风：彩条针织毛衣搭配棕工装裤，造型个性潮流，契合街头休闲风格。,春,日常/社交,https://detail.tmall.com/item.htm?abbucket=2&id=965120155885&mi_id=00001HrVE76cXOyLYXjl3O-PAMAuASPa68iOnOA0zjnCAnU&ns=1&priceTId=213e091117684091412144523e1a95&skuId=5910578513642&spm=a21n57.imgsearch.item.1&utparam=%7B%22aplus_abtest%22%3A%2206b023c91f4d5ed43be833316d096a47%22%7D&xxc=taobaoSearch
b183,"p761,p762,p763,p764",美式休闲运动风：浅灰字母连帽卫衣搭配深蓝牛仔阔腿裤，舒适随性，适配日常休闲场合。,春,日常,https://detail.tmall.com/item.htm?abbucket=2&id=969536286592&mi_id=0000bnSeFQ6sFTn05XW_Vy_gksngpVQ9aJzuUkSvfK3JLkg&ns=1&priceTId=213e091117684091523634922e1a95&skuId=5919413941563&spm=a21n57.imgsearch.item.1&utparam=%7B%22aplus_abtest%22%3A%228f1b1dcb12a7111c0f4aa34e70353593%22%7D&xxc=taobaoSearch
b184,"p765,p766,p767,p768,p769,p770",国潮街头运动风：亮黄机能外套搭配黑工装裤，利落酷帅，适配户外休闲场景。,春,日常/出行,https://detail.tmall.com/item.htm?abbucket=2&id=955197723311&mi_id=0000fMUOpsVnETN_XKQo_ALNN4Cyb9rFvYiNKQcDAy22o8U&ns=1&priceTId=213e091117684091693295584e1a95&skuId=5881567917888&spm=a21n57.imgsearch.item.2&utparam=%7B%22aplus_abtest%22%3A%22bfae02b87b0631dbda38ce99d5260451%22%7D&xxc=taobaoSearch
b185,"p771,p772,p773,p774,p775",美式休闲运动风：浅蓝字母连帽卫衣搭配深灰休闲裤，风格清爽潮酷，适配日常休闲穿搭。,春,日常,https://detail.tmall.com/item.htm?abbucket=2&id=982140395960&mi_id=0000UGJ1Gghq6QHIN9xVNcqRQIJC3b5paEsws17GTSC33Cg&ns=1&priceTId=213e091117684091790415921e1a95&skuId=6109229314320&spm=a21n57.imgsearch.item.2&utparam=%7B%22aplus_abtest%22%3A%22c9d94bc0ab008b0b85754c08e1210efc%22%7D&xxc=taobaoSearch
b186,"p776,p777,p778",童趣软萌风：米白拼格纹卫衣搭配浅蓝牛仔裤，配色柔和精致，契合孩童可爱气质。,春,日常/社交,https://detail.tmall.com/item.htm?abbucket=2&id=1005808797951&mi_id=0000a7p-k5edPGoipLs-pqjgCUxIKdY-_IjinYeYnOtKghQ&ns=1&priceTId=213e091117684091899296287e1a95&skuId=6165430483958&spm=a21n57.imgsearch.item.1&utparam=%7B%22aplus_abtest%22%3A%221dbd029d71dfa5fc5e893199d54071a8%22%7D&xxc=taobaoSearch
b187,"p779,p780,p781",美式休闲运动风：米白拼黑POLO卫衣搭配藏青休闲裤，细节简约随性，适配日常休闲场景。,春,运动/出行,https://detail.tmall.com/item.htm?abbucket=2&id=998315544471&mi_id=00001GVe5PSNXLNW5TbLraVi2-xV7wXqY-A68FKySB9tGss&ns=1&priceTId=213e091117684092008826631e1a95&skuId=5978302824139&spm=a21n57.imgsearch.item.1&utparam=%7B%22aplus_abtest%22%3A%22a9b3c7c88abf80c0a2ec70d82c4ba683%22%7D&xxc=taobaoSearch
b188,"p782,p783,p784,p785",国潮街头运动风：藏青半拉链连帽卫衣搭配深蓝牛仔裤，造型潮酷利落，适配街头休闲场合。,春,日常,https://detail.tmall.com/item.htm?abbucket=2&id=977176113332&mi_id=00002bDt0X2Taf7eif8VSnmMviGkVQBtgRA4gdNJAR9IiGQ&ns=1&priceTId=213e091117684092106466883e1a95&skuId=6096798638564&spm=a21n57.imgsearch.item.1&utparam=%7B%22aplus_abtest%22%3A%22e70b9d63e0ce08f75a3bca83e8e0aaeb%22%7D&xxc=taobaoSearch
b189,"p786,p787,p788,p789",国潮街头运动风：深灰拼浅蓝卫衣搭配卡其工装裤，设计个性吸睛，契合街头潮流风格。,春,日常/社交,https://detail.tmall.com/item.htm?abbucket=2&id=934448618109&mi_id=0000TNOMwj3ud98TCo1HIQJ78YGTmbpnD2SRJErKP64xmA4&ns=1&priceTId=213e091117684092216977218e1a95&skuId=5824132336464&spm=a21n57.imgsearch.item.1&utparam=%7B%22aplus_abtest%22%3A%22ed551fed76da7dcd4ba67429e16abd61%22%7D&xxc=taobaoSearch
b190,"p790,p791,p792,p793",童趣软萌风：棕蓝条纹连帽毛衣搭配深蓝牛仔裤，配色柔和活泼，契合孩童可爱气质。,春,日常/社交,https://detail.tmall.com/item.htm?abbucket=2&id=976787835870&mi_id=0000mZdcMPeTvmstfJrfjvIO4ywbgAFK2mgpXz8nmyh--58&ns=1&priceTId=213e091117684092328527545e1a95&skuId=6098123194580&spm=a21n57.imgsearch.item.1&utparam=%7B%22aplus_abtest%22%3A%22d1dc85066f2b7f5a487d59ea1b204781%22%7D&xxc=taobaoSearch
b191,"p794,p795,p796,p797",国潮街头运动风：浅灰衬衫外套内搭白T恤，搭配泼墨牛仔裤，造型个性潮流，适配街头休闲场景。,春,日常,https://detail.tmall.com/item.htm?abbucket=2&id=1005339989240&mi_id=0000Yjp5lEBwLkiMBemJ057N9u_XEqfyr7cC1kiOq__Omjc&ns=1&priceTId=213e091117684092473388024e1a95&skuId=6163500262214&spm=a21n57.imgsearch.item.1&utparam=%7B%22aplus_abtest%22%3A%229f9237b10b37f6f4ce62ac2a094ab821%22%7D&xxc=taobaoSearch
b192,"p798,p799,p800,p801,p802",美式休闲运动风：拼色POLO短袖搭配藏青短裤，简约清爽，适配夏季日常休闲。,夏,校园/社交,https://detail.tmall.com/item.htm?abbucket=2&id=873959778453&mi_id=0000phfY8yO4BW5GSOWy-xiC7BlbwKR70nS9vlZIfn54CqI&ns=1&priceTId=213e091117684092576518308e1a95&skuId=5711044433737&spm=a21n57.imgsearch.item.1&utparam=%7B%22aplus_abtest%22%3A%2260c0a45307225cfc1dc0227788c995cf%22%7D&xxc=taobaoSearch
b193,"p803,p804,p805,p806,p807",美式休闲运动风：白字母连帽卫衣搭配灰条纹休闲裤，舒适随性，适配日常休闲场合。,春,日常/运动,https://detail.tmall.com/item.htm?abbucket=2&id=969865085603&mi_id=0000FNk2PREoSrjbPHDNkYh67FFqZFnY9TFXnCkNNIgGrSw&ns=1&priceTId=213e091117684092695238648e1a95&skuId=6084355771422&spm=a21n57.imgsearch.item.1&utparam=%7B%22aplus_abtest%22%3A%2208d462fe2e03a8ca830d89ae313fa7ec%22%7D&xxc=taobaoSearch
b194,"p808,p809,p810",国潮街头运动风：黑印花卫衣搭配深蓝牛仔裤，设计酷帅吸睛，契合街头潮流风格。,春,日常,https://detail.tmall.com/item.htm?abbucket=2&id=989730113217&mi_id=0000C-1h8dwT9eAm6O3Q_EahDADjoybh9slIqwuLzrTO8bY&ns=1&priceTId=213e091117684092969871657e1a95&skuId=5956755669232&spm=a21n57.imgsearch.item.2&utparam=%7B%22aplus_abtest%22%3A%221923c1bc47ccace3468bb1365d95982f%22%7D&xxc=taobaoSearch
b195,"p811,p812,p813,p814,p815",美式休闲运动风：灰拉链连帽外套内搭白T恤，搭配同色系休闲裤，风格利落舒适，适配日常休闲。,春,日常/社交,https://detail.tmall.com/item.htm?abbucket=2&id=1005167619421&mi_id=0000NmHbVZL1U5MaJ-iqly2NOg2K661hT63JbKp_Rj2uJoQ&ns=1&priceTId=213e091117684093271822738e1a95&skuId=6000968876213&spm=a21n57.imgsearch.item.1&utparam=%7B%22aplus_abtest%22%3A%226a3139012f2a7dd049fd16ac274ca3d9%22%7D&xxc=taobaoSearch
b196,"p816,p817,p818,p819,p820",英伦学院风：黑白提花外套内搭米白高领衫，搭配白休闲裤，复古精致，适配学院风场景。,春,日常/出行,https://detail.tmall.com/item.htm?abbucket=2&id=967464058631&mi_id=0000uGLPdzQUSpRB-Kxtth1Yxl8ZG9xULH9x96yDeygJUkE&ns=1&priceTId=213e091117684093741144354e1a95&skuId=6131445403664&spm=a21n57.imgsearch.item.1&utparam=%7B%22aplus_abtest%22%3A%22047a06b745a2ec76aa7802dd3cd10dc7%22%7D&xxc=taobaoSearch
b197,"p821,p822,p823,p824,p825",国潮街头运动风：灰字母连帽卫衣搭配黑迷彩工装裤，造型潮酷个性，适配街头休闲场合。,春,日常,https://detail.tmall.com/item.htm?abbucket=2&id=824619810205&mi_id=0000GpFTf0g2VwYNX3MIAiADgjqI8Q-l1Y1WuMVQYF6Ww1I&ns=1&priceTId=213e091117684093850514710e1a95&skuId=5712117475233&spm=a21n57.imgsearch.item.1&utparam=%7B%22aplus_abtest%22%3A%22d87737a9474ec3a57261eac2e2064167%22%7D&xxc=taobaoSearch
b198,"p826,p827,p828,p829,p830",国潮街头运动风：白字母卫衣搭配深蓝拼接牛仔裤，细节个性吸睛，契合街头潮流风格。,春,日常/社交,https://detail.tmall.com/item.htm?abbucket=2&id=1010780253019&mi_id=0000xlJQdwJp6uXBy7G1_ghD41v24ADo0q_qUDxtxsTPRg8&ns=1&priceTId=213e091117684093961595017e1a95&skuId=6176572662295&spm=a21n57.imgsearch.item.1&utparam=%7B%22aplus_abtest%22%3A%2294b3e288d88776c6e1e70d281ba3f71f%22%7D&xxc=taobaoSearch
b199,"p831,p832,p833,p834",美式休闲运动风：米黑拼色连帽外套内搭字母T恤，搭配深蓝牛仔裤，风格随性潮酷，适配日常休闲。,春,日常,https://detail.tmall.com/item.htm?abbucket=2&id=1009475202921&mi_id=0000EmrtO1jB6gJWmpA8zze0rqO5Mn_Ru-9XFkAtmhy072o&ns=1&priceTId=213e091117684094077665476e1a95&skuId=6175730910858&spm=a21n57.imgsearch.item.1&utparam=%7B%22aplus_abtest%22%3A%224b44bdc0ec8bcb633ca7f79b3a01769d%22%7D&xxc=taobaoSearch
b200,"p835,p836,p837,p838,p839,p840,p841",甜酷机车风：黑皮质外套内搭白衬衫领带，搭配深蓝牛仔裤，造型酷帅精致，适配轻机车风格场景。,春,日常/社交,https://detail.tmall.com/item.htm?abbucket=2&id=983341457443&mi_id=0000Vv7cCt1zDdl0u7lsh9TPGvT_1D-xE1xOtDVy7ympVkY&ns=1&priceTId=213e091117684094555267216e1a95&skuId=6109905319413&spm=a21n57.imgsearch.item.1&utparam=%7B%22aplus_abtest%22%3A%221a54ada76228d88550fae2aab704b5d2%22%7D&xxc=taobaoSearch
